Scenario;b24000;maxQ_14199_maxV_28.8_year_3345;maxQ_14210_maxV_18.1_year_2288;maxQ_14256_maxV_11.5_year_3236;maxQ_14434_maxV_14.1_year_3126;maxQ_14450_maxV_23.4_year_3048;maxQ_14567_maxV_18.9_year_7445;maxQ_14594_maxV_23.3_year_9987;maxQ_14756_maxV_14.5_year_7191;maxQ_14808_maxV_23.1_year_9093;maxQ_14848_maxV_23.6_year_7451;maxQ_14995_maxV_16.0_year_9555;maxQ_15047_maxV_19.1_year_3884;maxQ_15162_maxV_16.9_year_2826;maxQ_15199_maxV_28.2_year_5313;maxQ_15333_maxV_27.9_year_3710;maxQ_15408_maxV_22.6_year_9875;maxQ_15494_maxV_26.5_year_8336;maxQ_15579_maxV_18.8_year_2831;maxQ_15690_maxV_25.2_year_2944;maxQ_15769_maxV_17.6_year_2168;maxQ_15936_maxV_18.6_year_8232;maxQ_16210_maxV_23.0_year_3284;maxQ_16252_maxV_16.7_year_3423;maxQ_16499_maxV_22.5_year_6390;maxQ_16537_maxV_25.4_year_8516;maxQ_16656_maxV_16.8_year_6253;maxQ_16675_maxV_27.6_year_7706;maxQ_16808_maxV_19.1_year_9324;maxQ_16872_maxV_27.6_year_4891;maxQ_16957_maxV_18.7_year_3236;maxQ_17066_maxV_34.8_year_7593;maxQ_17075_maxV_21.0_year_9681;maxQ_17176_maxV_38.4_year_2560;maxQ_17271_maxV_22.3_year_8813;maxQ_17332_maxV_27.1_year_8632;maxQ_17415_maxV_16.6_year_6576;maxQ_17456_maxV_24.8_year_3843;maxQ_17523_maxV_21.0_year_5296;maxQ_17576_maxV_26.9_year_6510;maxQ_18567_maxV_30.2_year_3147;maxQ_18802_maxV_21.1_year_8276;maxQ_18861_maxV_25.7_year_9470;maxQ_19050_maxV_26.9_year_3672;maxQ_20495_maxV_21.6_year_7971;maxQ_21124_maxV_26.2_year_9605;s14000;s16000;s18000;s20000;s30000
Sum0;18366.6582;15443.72461;16137.41797;13939.31934;15283.61426;14996.19043;15254.47168;15745.59473;15010.76465;15047.76953;15349.25977;15827.79102;15964.13574;14910.9248;15782.58594;15822.92773;15693.95117;15667.99414;16365.2334;16447.26367;15589.90137;15290.65039;16339.43262;15885.00195;16340.02344;15982.24316;15848.09668;16505.08984;16490.46289;15772.46484;16234.34473;17003.60742;16054.1543;16510.99219;15909.69727;17153.66211;16207.29004;16310.94141;16150.81348;16454.70508;17591.03906;17395.99609;17713.74805;17370.9668;17018.7793;17087.11914;14736.45898;15357.1416;16979.44531;17659.89844;18921.39258
Sum1;18338.64453;15562.20898;16553.69531;13956.1543;15518.05469;15173.58008;15565.54102;16100.97754;15329.26758;15335.12207;15586.21387;16264.37402;16380.79492;15288.51172;16210.5332;16195.19727;16097.82324;16184.99902;16883.28516;16990.70703;16019.12109;15791.09277;16893.75781;16414.8125;16915.80469;16505.20508;16394.77539;17077.06836;17075.19531;16223.75781;16864.42969;17400.26563;16651.11914;17054.00195;16459.99609;17656.64258;16793.22266;16868.56836;16690.69922;17035.23047;17923.97266;17735.88867;18152.74219;17569.36133;17371.59961;17372.10352;14816.92578;15867.01758;17457.4043;18204.84375;19263.16406
Sum2;17922.06055;14825.53223;15239.08984;13438.72559;14287.7832;14167.17285;14360.81738;14979.51953;14114.96094;14308.72559;14539.1543;14947.88672;15061.55273;14067.17676;15094.6709;15135.90625;15016.21484;14958.16895;15577.67285;15744.64453;14893.08789;14584.55078;15888.04395;15175.13184;15710.18848;15528.41602;15129.30762;16052.13965;15717.80273;15549.04785;15721.71191;16351.53516;15683.54297;16009.37988;15438.43262;16400.25586;15635.57129;15867.33887;15723.75781;15936.83594;16457.57031;16306.83691;16568.7168;16336.49902;16107.2627;16068.69531;13949.08105;14624.68457;16141.26953;16521.56055;18059.85547
Sum3;17823.94531;14487.88184;14966.6416;13166.99805;13969.56055;13874.24609;13941.22559;14707.30371;13686.58984;14135.73242;14303.53418;14665.49219;14795.26563;13650.59473;15219.01758;14860.61621;14848.06445;15308.25781;15526.44141;15705.70898;14509.7832;14416.83594;15773.1748;15058.375;15723.77148;15533.40625;14957.94922;15934.53906;15705.06055;15405.41602;15592.77148;16212.61328;15520.5957;15925.56738;15341.71191;16269.49707;15548.2334;15759.35645;15565.55176;15758.15137;16286.74805;16128.55957;16360.97168;16181.20801;15938.56836;15896.90234;13669.31348;14243.87988;15998.25879;16373.23926;17962.36523
Sum4;16002.5332;14611.64258;14882.05566;12715.16211;13659.74023;13841.69043;13933.09375;14738.41113;13506.52148;14307.82227;14322.24707;14598.31738;14574.72559;13593.05566;14935.42676;14924.08984;14899.66406;14876.29102;15102.06348;15216.39453;14721.53906;14524.35156;15163.24902;14795.79297;15157.19824;15043.98242;14767.06152;15635.15918;15138.83105;14933.39648;15040.87207;15744.1084;14985.32324;15441.00684;14846.8877;15404.82813;15005.55078;15156.5166;15072.4707;15132.96973;15800.02246;15574.17676;15726.20215;15678.63965;15266.44336;15255.63965;13312.80371;14297.91113;15268.87207;15792.42676;16115.47461
Sum5;16721.97656;14908.96582;15299.10645;12978.90332;14245.07324;14198.19922;14244.52637;14934.74121;13926.35059;14375.78809;14601.35547;14940.58301;14964.24219;13929.26367;15381.34766;15337.66211;15235.7666;15414.79785;15645.74316;15775.52441;15046.53516;14795.13086;15866.63281;15200.26367;15803.28516;15680.33203;15143.97363;15956.24316;15761.98828;15630.48145;15719.45508;16173.21289;15679.41309;15963.24902;15455.15332;16142.36328;15652.68066;15866.93262;15755.99707;15862.77832;16373.88672;16092.88379;16222.54004;16128.89941;15995.79883;15987.72559;13856.10547;14567.39063;16001.37793;16431.83008;16874.07617
Sum6;15653.06934;13584.42871;13718.41309;11924.44336;12881.73926;13077.18164;13046.71289;14017.70117;12757.94238;13450.53613;13321.77148;13448.47656;13526.95801;12802.43262;14538.85059;13613.74316;13654.49219;14274.91602;13856.7666;14204.80762;13409.79004;13220.23828;14679.6748;13487.23828;13899.69824;14139.56152;13404.59277;15370.22266;13872.88379;15080.05176;13724.48145;15452.16113;14121.8418;15380.46289;13509.73145;15249.6377;13688.01563;15055.94824;14459.61816;14772.85547;15492.3457;15300.52246;15435.7666;15425.625;14618.68359;15177.32715;12539.46875;13234.8252;14534.39453;15467.45605;15776.54199
Sum7;16166.13086;14484.82031;14574.16406;12710.84961;13458.96582;13589.28027;13670.68066;14511.30078;13282.41406;14120.61133;14159.22363;14326.98535;14375.28027;13334.95898;14612;14637.38672;14571.33008;14533.44727;14820.99414;14954.16309;14411.34473;14182.49902;14872.47656;14460.50293;14874.01172;14691.65527;14424.04199;15539.87793;14849.49121;14591.54297;14693.89746;15902.76855;14624.08984;15099.68457;14481.46582;15132.64941;14661.60742;14834.65625;14732.9043;14801.20215;15982.96582;15417.36621;15858.38184;15803.0127;14950.44629;14930.61426;13224.92188;14105.09082;14951.59863;15996.70508;16265.56445
Sum8;17424.30664;14812.60156;15178.05176;13199.98242;14180.11523;14135.72266;14279.40332;14926.94629;14020.81836;14259.36328;14489.11426;14901.6748;15008.56348;13991.14648;15287.30273;14993.00879;14935.69141;15277.42969;15562.71094;15718.55469;14745.6084;14552.25391;15706.4375;15081.41016;15661.07422;15488.25488;14984.12695;15808.50977;15666.68359;15358.3916;15553.3252;16065.95703;15484.95996;15788.4209;15318.36426;16115.46289;15526.32813;15654.48047;15528.10449;15691.22656;16306.35742;16052.57715;16241.54395;16093.35449;15901.3623;15881.5625;13869.40039;14531.44043;15908.78516;16585.03711;17580.94727
Sum9;17799.66992;15281.31641;15937.3291;13749.75977;14855.46582;14563.63574;14869.90234;15510.87012;14581.66504;14919.13477;15133.14941;15648.43945;15706.95117;14569.55176;15617.12305;15665.05469;15594.56543;15535.7207;16204.35742;16287.06543;15387.78613;15166.27539;16354.85645;15694.16113;16177.33691;15862.96582;15643.11133;16663.6875;16398.55469;15999.84863;16395.58203;16984.55273;16275.6875;16630.94141;15924.44141;17009.36133;16322.36523;16495.43555;16311.94434;16596.01953;17168.33008;17082.05664;17232.92383;17090.39258;16933.98828;16930.73047;14385.26172;15277.11328;16850.66797;17227.51172;17974.95898
Sum10;18237.77539;15309.11719;15817.80566;13821.02148;14848.35547;14562.33008;14871.7998;15404.81445;14583.50879;14762.71289;15013.50879;15559.82129;15594.99219;14549.64063;15643.61914;15586.87988;15528.03711;15515.79102;16140.52539;16196.70801;15412.64941;15076.65918;16040.5918;15597.41309;16035.4082;15741.3457;15573.9834;16363.94336;16177.50977;15520.97266;15915.66016;16888.7168;15745.20996;16455.20703;15618.88672;16961.93164;15877.16992;16206.25879;15783.79199;16441.89844;17045.20508;16938.1875;17148.61133;16924.00586;16746.74609;16677.06055;14439.125;15124.3252;16751.61133;17175.3418;18423.81055
Sum11;17102.11133;15195.60352;15709.2168;13410.34961;14682.5332;14512.72852;14781.53809;15394.41309;14493.90137;14710.72559;14947.51563;15411.14258;15514.77344;14467.26758;15492.83008;15518.18359;15432.05469;15523.85449;15963.57813;16039.55273;15262.8584;14971.30176;16030.17676;15508.61426;15977.55273;15763.50879;15469.74219;16335.85742;16046.41211;15675.08398;15901.2793;16508.9668;15885.19629;16313.25977;15630.22949;16543.4082;15842.34375;16196.36426;15976.74316;16236.66602;16583.70508;16498.6582;16639.27734;16512.60352;16399.29297;16376.29492;14190.8457;15010.4375;16398.08789;16625.99609;17275.69727
Sum12;15202.6543;14167.51172;14236.60938;12400.21875;13168.79492;13530.37988;13485.21875;14136.13867;13001.48926;13808.52734;13859.67773;14009.24902;14012.01367;13164.2793;14181.90332;14210.66992;14190.68652;14345.91113;14373.80566;14506.86328;14019.31836;13822.03711;14431.60645;14046.53711;14422.19824;14271.81152;14022.7793;14810.77832;14389.7627;14740.16504;14259.53027;14837.71973;14194.54102;14816.34473;14059.91602;14780.00684;14230.08203;14730.0332;14288.83594;14733.60938;14908.30078;14808.66504;14824.32129;14837.68066;14470.93457;14757.59277;12924.05078;13786.83594;14481.28027;14906.30371;15410.58496
Sum13;15295.90039;14187.10352;14237.10059;12408.71875;13185.7041;13551.60547;13497.97266;14149.39355;13008.93652;13841.24414;13888.48438;14017.125;14012.29102;13191.01367;14184.65527;14225.74512;14188.13477;14102.55371;14387.41113;14521.83789;14037.78516;13835.2041;14418.58594;14051.55078;14432.46484;14255.4502;14034.03223;15057.18652;14397.2832;14831.74512;14244.37109;15101.4209;14166.69629;15059.83203;14042.72168;15045.01953;14212.7334;14658.23633;14279.67969;14661.88965;15137.65527;15056.06543;15113.46484;15095.30469;14479.68262;14895.9375;12896.00684;13796.27148;14490.93359;15138.5791;15511.38281
Sum14;15681.4209;14228.88184;14279.52734;12384.77734;13241.51172;13559.44824;13516.85645;14191.90039;13071.54688;13882.49023;13937.14941;14057.53125;14060.55371;13226.13184;14223.23926;14255.92383;14227.34668;14151.04004;14411.00391;14545.1748;14064.43555;13874.92773;14451.77441;14078.44531;14463.28223;14300.79395;14064.24805;15307.19629;14427.38965;14836.2041;14288.63184;15450.50586;14221.0332;15170.37598;14083.45801;15079.55664;14257.54492;14563.5791;14325.9043;14660.125;15500.89844;15182.29395;15458.60352;15420.24707;14522.42969;14946.08301;12925.86816;13853.65625;14524.42578;15513.96387;15779.7666
Sum15;18802.97852;15558.25977;16550.33594;13983.00586;15508.61621;15161.17188;15554.91992;16136.28223;15322.75195;15322.15723;15582.88281;16289.26758;16359.13477;15276.93555;16203.66211;16220.33789;16142.66309;16177.85742;16868.88867;17001.125;16020.65332;15767.375;16971.26367;16463.21484;16968.82422;16594.42969;16469.75195;17106.85547;17181.58984;16333.54785;16899.89453;17333.0332;16656.91211;17066.37891;16479.37695;17607.81445;16821.20313;16856.2168;16719.41797;16985.53125;17967.5957;17835.2207;18199.08008;17741.21875;17611.63477;17542.60938;14812.38965;15869.85352;17479.04688;18307.25781;18912.24609
Sum16;17069.2793;14708.06543;15081.99414;13090.70313;14042.78711;14104.14551;14106.72559;14803.83301;13817.7832;14202.41895;14289.52441;14836.71387;14809.90723;13780.30371;15438.41602;15329.6582;15244.00098;15357.74609;15728.53223;15840.5293;15016.62695;14759.50879;15880.28418;15245.48633;15769.24316;15603.61426;15178.85352;16003.9082;15741.58008;15562.30078;15687.4248;16272.34082;15633.65332;16004.50977;15360.60645;16246.15332;15598.96582;15885.70508;15722.14746;15883.71191;16543.39063;16158.4541;16339.37891;16212.63184;16028.7168;16014.82617;13629.29785;14500.80664;16052.9082;16655.31055;17197.10938
Sum17;17663.07227;15020.29395;15506.52246;13520.25293;14484.70801;14256.99707;14612.44043;15210.99414;14288.13086;14595.63086;14802.2793;15204.12695;15325.26367;14309.30957;15283.42773;15320.83203;15201.73145;15508.58301;15875.05371;16045.55078;15056.49902;14817.16504;16166.66309;15463.28809;15950.12793;15683.27148;15418.83398;16460.55273;16056.88965;15863.31152;16095.84277;16804.2832;16060.89453;16428.25391;15684.96289;16813.10938;15952.60645;16255.4541;16063.39551;16346.22949;16913.14453;16789.11523;16986.14258;16811.35547;16602.14258;16577.21484;14098.57031;14856.88965;16600.97656;16967.72852;17818.63281
Sum18;18388.08398;15556.56152;16579.23438;14025.41504;15554.90723;15182.80469;15553.95605;16216.43945;15305.26367;15303.68066;15559.92969;16479.85156;16475.06836;15291.41016;16241.625;16381.64648;16346.45508;16144.125;16661.23047;16670.11914;16205.6543;15953.2627;16663.97266;16441.41602;16655.11523;16504.66797;16465.40625;16629.86523;16643.38477;16251.34668;16636.87109;16667.0625;16633.00391;16656.02734;16459.3418;16671.99023;16634.10547;16637.93359;16632.80078;16640.21484;16639.75195;16639.66211;16806.49023;16663.16797;16637.39844;16618.78125;14851.82324;16056.24902;16613.4668;17157.85938;19696.58984
Sum19;14928.90723;14038.82324;14092.92969;12293.06641;13116.96582;13417.98145;13370.13867;14007.9209;12976.85156;13689.7373;13767.38574;13888.2334;13936.70117;13045.74121;14213.86426;14053.62109;14041.22461;14425.14941;14224.3916;14360.78125;13872.70703;13691.38672;14446.29883;13887.48242;14262.51855;14109.95703;13871.26465;14635.68848;14238.26172;14467.16309;14109.4873;14710.88867;14014.77832;14672.99121;13886.41602;14608.30469;14072.8252;14488.625;14143.15918;14466.76367;14920.31738;14668.04004;14541.92676;14651.95605;14445.83887;14594.38574;12803.76465;13694.82422;14373.00977;14913.69434;15193.28809
Sum20;16478.35742;14385.28613;14553.67285;12683.98828;13414.32129;13452.02148;13572.51465;14423.67578;13201.03809;14064.35156;14133.44336;14325.39844;14267.17285;13243.96875;14556.66406;14562.12305;14465.63965;14473.67578;14757.2832;14898.59375;14349.5625;14101.94922;14808.80566;14375.00195;14809.36133;14625.76563;14332.09375;15442.1709;14789.625;14511.80078;14635.1748;16167.22363;14558.43652;15057.71777;14421.43359;15097.83203;14603.90332;14796.49121;14660.62207;14752.70117;16195.12305;15358.64746;15973.98047;15787.87598;14890.60742;14861.45996;13167.59277;14111.73535;14941.9541;16176.7666;16603.54297
Sum21;19114.23242;15555.34277;16453.90625;13966.46777;15482.75977;15151.27441;15498.65625;16015.43164;15257.84961;15271.78906;15533.71387;16152.67969;16275.66113;15196.73438;16134.77539;16147.00293;16007.74316;16050.64355;16762.83398;16850.69922;15938.58789;15677.04492;16725.55664;16245.3252;16706.22656;16326.62988;16211.43945;16902.20508;16905.39453;16088.71387;16676.22852;17238.54297;16476.47656;16904.21094;16311.56152;17463.92969;16631.94727;16676.26563;16552.35938;16874.25977;17881.6875;17618.83594;18075.24023;17488.51172;17196.80469;17273.12109;14810.07422;15743.85547;17261.30664;18088.60352;19329.31055
Sum22;18158.13281;15351.22949;16016.20117;13831.0166;14903.23535;14616.2666;14854.59473;15567.62598;14615.54297;14894.69922;15146.65918;15745.66699;15756.66895;14566.4082;15748.58105;15772.57813;15694.84473;15634.36035;16288.56738;16352.65137;15514.73926;15239.52539;16243.2959;15759.27832;16216.85645;15874.31152;15703.23926;16642.72656;16346.52148;15853.10742;16225.06543;17007.10742;16099.07813;16503.64258;15802.9668;17088.83789;16155.72363;16353.80762;16128.80078;16527.9707;17330.02734;17155.13086;17418.39648;17159.56055;16856.83203;16919.76367;14437.94531;15292.04883;16869.73828;17387.57813;18330.37109
Sum23;18406.06641;15223.36719;15708.69824;13818.10547;14791.25391;14544.30176;14731.21582;15293.57813;14479.49316;14666.10254;14922.55371;15437.91797;15510.09668;14428.67383;15417.80469;15453.38086;15374.05957;15419.98242;15983.8877;16034.53516;15213.78027;14934.39551;15918.98828;15447.06641;15937.61719;15627.14648;15458.80469;16387.53516;16057.33008;15588.83398;15911.11426;16842.58984;15791.29297;16400.14844;15521.58789;16884.63672;15776.40918;16147.78906;15830.85547;16314.09277;16983.9375;16826.35547;17120.67578;16813.71875;16612.67188;16540.79883;14441.54492;14983.8877;16636.81055;17099.6582;18649.7832
Sum24;17549.57813;14705.01367;15053.38086;13161.45508;14082.87402;14025.5332;14198.74512;14819.41504;13932.78809;14179.50684;14379.9375;14802.31348;14906.14355;13903.83691;14908.14844;14898.38184;14798.93262;15148.03125;15393.93848;15611.02051;14653.7207;14371.20801;15595.60645;14971.08301;15519.00098;15363.31641;14856.58789;15712.21973;15533.25391;15254.38574;15441.30957;16003.99805;15379.18945;15684.74414;15188.18848;15986.9873;15395.32129;15553.69043;15424.02832;15593.99609;16265.42383;15905.80566;16127.87598;15955.93359;15725.6123;15714.36621;13806.84277;14449.79102;15748.22559;16458.70898;17724.48438
Sum25;18149.69336;15520.36719;16343.6084;13941.36328;15422.14844;15095.16797;15392.94336;15891.06543;15151.10547;15171.51855;15472.20313;16097.23145;16186.9707;15078.77051;16184.57813;16153.59863;16026.87012;16150.43262;16829.21094;16950.55664;15940.98828;15730.42578;16837.45508;16362.4873;16826.77734;16436.23633;16324.32129;16967.69531;17010.57813;16181.57129;16787.87305;17332.86914;16540.23242;16955.0625;16323.20703;17550.97266;16688.14844;16758.71484;16576.95313;16909.91211;17527.14844;17533.17773;17559.16406;17513.58008;17301.08594;17382.9668;14791.77832;15771.13574;17383.3418;17507.54297;18630.78125
Sum26;18181.83008;15558.62207;16513.96094;13987.42578;15517.97559;15165.21191;15551.4502;16126.83984;15317.16504;15318.45898;15570.20508;16256.63379;16327.0293;15254.68457;16276.27148;16232.8291;16124.49805;16284.76563;16963.75586;17095.96094;16091.40234;15870.69238;17060.125;16562.50391;17053.60352;16671.95313;16534.76367;17224.26172;17229.82617;16374.125;16994.06055;17482.99609;16753.11914;17174.70898;16539.9043;17704.58008;16930.12109;17002.22266;16824.68164;17153.43164;17927.86914;17772.32227;18061.85547;17670.3125;17515.07227;17511.9043;14822.125;15923.18066;17609.93164;18034.86914;18824.16406
Sum27;17242.80078;14449.05859;14711.64844;12827.24609;13731.30859;13619.54199;13820.22559;14418.19043;13499.79199;13898.36523;14123.67285;14444.63574;14524.1875;13513.96289;15072.64453;14976.32617;14804.72656;14975.20117;15318.08301;15436.07227;14672.52734;14412.5791;15344.28711;14838.23242;15297.64746;15095.50098;14760.24121;15494.03809;15305.74902;15043.51074;15162.09375;16412.875;15112.29004;15476.97852;14916.5127;15778.26465;15103.7832;15350.2998;15197.52637;15340.46484;16527.27734;15628.69141;15915.77637;15695.80566;15471.6377;15444.82617;13483.31055;14168.58398;15525.47559;16540.83594;17383.90625
Sum28;16043.59863;14444.24219;14569.74023;12696.40527;13480.39258;13621.52832;13688.74805;14537.16406;13254.86328;14149.02637;14092.59863;14256.20508;14271.81543;13341.39551;14615.08105;14635.14453;14580.2334;14544.16895;14801.19727;14928.02637;14396.77344;14182.34375;14828.13379;14461.00684;14835.06445;14679.37402;14415.64355;15521.61523;14812.86328;14573.70605;14669.57813;15736.25;14609.3418;15056.79102;14482.06738;15111.75879;14649.1748;14782.74414;14692.81836;14762.01074;15828.64453;15462.28906;15671.05176;15609.85547;14893.64844;14878.3623;13177.53223;14003.62109;14904.04102;15799.74902;16146.67285
Sum29;17946.05078;14906.2627;15287.00488;13431.95898;14333.73535;14146.7002;14445.41406;15015.77051;14138.33789;14391.14648;14603.69531;15000.56445;15127.37012;14132.77441;15143.82129;15153.9541;15022.56934;15013.95313;15644.5459;15657.4082;14858.09473;14564.69238;15930.96289;15204.19141;15702.64258;15493.47461;15163.81738;16249.95313;15759.36523;15645.24219;15819.41504;16530.98047;15816.80957;16195.48828;15449.65332;16607.66797;15687.91113;16066.09863;15824.3252;16143.49902;16704.96094;16536.07227;16795.77539;16563.08594;16302.54297;16287.48633;13994.49023;14678.55859;16342.60547;16774.62891;18051.69531
Sum30;17936.73438;14993.36426;15461.55664;13532.46289;14423.95215;14329.17285;14499.56934;15172.59375;14261.7041;14522.03027;14701.58008;15218.83008;15263.69531;14216.5;15300.99609;15338.86719;15223.89355;15160.61035;15725.43457;15776.50488;15081.2832;14784.41016;15940.73535;15212.25098;15771.74512;15575.80273;15209.82715;16183.12305;15790.9707;15599.88574;15768.03027;16427.63477;15751.2793;16128.47852;15446.99707;16516.59375;15680.10352;15998.77148;15796.50195;16068.42285;16590.65234;16428.99219;16680.29688;16466.96289;16208.3877;16192.16504;14037.08496;14828.40625;16265.25098;16669.60742;18094.99023
Sum31;18365.31055;14950.41992;15323.46582;13529.37402;14448.62793;14234.98828;14486.43652;15014.45605;14218.35449;14428.92188;14672.58301;15006.15332;15136.47852;14179.66016;15186.02051;15134.67285;15033.10938;15090.53223;15672.9043;15690.7959;14938.3457;14599.33008;15729.15918;15168.90332;15571.50977;15308.24414;15115.16016;16219.18945;15653.93164;15504.9248;15694;16550.2168;15700.13477;16148.78809;15079.00684;16614.11523;15514.75781;15979.30078;15708.57617;16073.72559;16643.58984;16513.00586;16742.70313;16519.02344;16304.38672;16231.9707;14085.82813;14678.30762;16364.01758;16757.14063;18568.58984
Sum32;15237.38574;14318.26172;14431.67285;12443.06836;13408.625;13666.32031;13633.07324;14357.76855;13268.26953;14009.13965;14025.82227;14168.80273;14141.56641;13326.03711;14395.45898;14412.24316;14425.0459;14385.2793;14653.28711;14789.79883;14210.3291;14013.13379;14718.79199;14301.51855;14709.69727;14562.40137;14237.25977;15020.39746;14675.33203;14458.11621;14555.2334;15020.02344;14496.01172;15006.30273;14343.89648;14998.36914;14515.82227;14688.20605;14594.82324;14656.00488;14983.40625;15003.97363;15010.7666;14997.42188;14824.19336;14814.80078;12970.08789;13935.91895;14821.22559;14987.80859;15591.84473
Sum33;18010.20508;15361.1709;16084.44238;13854.63867;14957.37695;14665.00586;14925.29492;15610.5293;14655.69824;14964.84961;15217.85352;15811.74805;15840.33008;14620.14648;15728.9375;15821.7002;15735.71191;15709.40332;16347.44824;16416.42188;15560.6416;15270.29883;16362.92383;15855.52344;16293.62695;16026.35059;15803.30566;16696.53516;16490.89648;15874.47852;16313.4248;17048.69922;16155.3418;16538.88477;15955.70117;17136.60352;16243.79395;16386.21094;16204.22168;16610.35742;17316.13086;17178.69727;17399.625;17176.30078;16943.00781;16982.38086;14477.9043;15358.01563;16931.00195;17385.08398;18171.61133
Sum34;16465.72656;13942.06934;14297.50391;12565.5127;13312.31445;13323.85059;13358.11426;14141.68555;13081.06738;13749.99805;13805.17188;14071.0293;14032.94824;13100.67676;14327.60059;14361.32422;14285.65723;14239.88965;14571.74023;14677.44043;14147.53223;13913.81738;14542.45996;14186.88477;14567.08008;14359.57715;14150.74609;15560.44434;14557.21289;14530.37207;14362.89746;16021.35254;14272.03711;15101.91602;14179.38574;14962.4707;14351.13574;14491.03027;14375.55664;14527.93262;16110.12891;15443.25195;15945.69922;15810.74707;14648.64258;14620.38086;13043.28418;13871.4541;14661.6084;16094.82129;16633.33008
Sum35;16911.26758;14237.17676;14658.16309;12812.71875;13557.81934;13641.5625;13685.87793;14441.19336;13388.78809;14019.73438;13929.33887;14410.04102;14337.76172;13394.00879;14781.24121;14808.49609;14676.93066;14675.67871;15013.2627;15129.11719;14555.64551;14304.29688;15014.66797;14612.2002;14999.36719;14828.92773;14576.0791;15292.89258;15003.28223;14703.00977;14844.16602;16321.10938;14778.08691;15114.59473;14617.8877;15366.07031;14812.91309;14988.17383;14861.08301;14966.11816;16453.16016;15264.04883;15805.31543;15583.2207;15121.24219;15099.88086;13284.50391;14133.27637;15142.36426;16553.31445;17051.83984
Sum36;17490.2793;15286.12402;15835.75684;13632.87793;14685.99707;14509.25391;14895.54883;15510.90723;14568.61621;14850.03613;15068.83398;15541.60254;15636.99609;14595.99707;15604.80078;15636.96094;15551.51563;15585.66211;16145.64355;16202.19043;15383.39453;15122.90723;16279.55957;15650.0293;16162.74707;15926.72461;15593.1543;16587.83203;16293.30176;15918.31152;16162.61621;16832.80078;16143.37012;16513.63477;15811.23242;16852.24023;16100.47559;16358.00977;16174.27832;16441.67383;16909.70898;16834.47656;16970.76953;16850.37109;16720.55664;16708.35547;14269.69141;15178.73926;16691.23242;16970.53711;17625.33398
Sum37;16159.5498;14708.25391;14876.23535;12863.13477;13625.65918;13745.25391;13865.40625;14727.79395;13511.83789;14303.06445;14388.52734;14605.51172;14469.76465;13575.20313;15013.97461;14940.91504;14876.38574;14930.77734;15204.75488;15262.52051;14659.95703;14403.85938;15254.24316;14773.67773;15253.90332;15079.72168;14700.94629;15252.7334;15245.88867;14971.82324;15086.67676;15264.9541;15015.24902;15260.20508;14876.92773;15282.61914;15059.5166;15229.27246;15108.17969;15199.99121;15282.26855;15275.05664;15292.4668;15272.99902;15263.50684;15256.34863;13355.57031;14322.34863;15252.19238;15306.04883;16373.64746
Sum38;19307.40234;15562.12109;16661.36719;14031.70215;15571.75781;15190.62988;15653.83301;16324.05273;15439.61914;15393.34766;15654.49512;16503.61914;16532.72266;15397.84082;16258.94922;16420.32422;16391.76172;16184.77051;16874.37109;17117.0957;16242.35059;15991.18066;17043.92578;16493.55078;17006.29883;16661.87891;16518.75977;17309.89258;17317.49805;16374.19336;17125.875;17598.52344;16829.94336;17461.09375;16611.66797;17877.82422;17038.36523;17065.98828;16914.98828;17273.36328;18095.25977;18000.17578;18384.72852;17848.82617;17757.10938;17701.20117;14851.94629;16095.54883;17729.67383;18668.09766;19638.96289
Sum39;17732.87695;15100.04688;15643.85547;13578.43555;14582.19238;14422.75781;14654.49512;15337.85938;14365.35547;14665.71484;14862.95801;15351.25684;15441.75;14351.57422;15389.0918;15436.68457;15364.68555;15272.86816;15865.12988;15919.92188;15185.13086;14885.79785;16066.94922;15349.83008;15878.37402;15632.01172;15356.58301;16315.68164;15947.71094;15714.0918;15923.48926;16552.52539;15895.4502;16264.78418;15630.88184;16635.55273;15843.37109;16126.56348;15936.6709;16217.92676;16724.88281;16597.27539;16800.6582;16626.71875;16396.81836;16403.31836;14116.01074;14955.81055;16418.88672;16776.5293;17782.11914
Sum40;16578.83398;14494.2168;14682.30273;12776.26465;13480.51563;13623.06934;13742.99512;14547.02148;13332.26367;14255.16992;14231.26465;14456.09766;14432.06738;13432.10156;14765.57227;14742.08301;14638.74609;14677.58496;14957.6875;15113.1709;14484.0127;14232.64453;15012.12891;14562.94531;15019.375;14827.4209;14504.98535;15248.27441;15001.28906;14713.12012;14836.34375;16123.79785;14758.28223;15098.00293;14624.28809;15333.0498;14812.08008;14966.51367;14849.1748;14941.61816;16310.90332;15314.02441;15894.2793;15771.10156;15161.45898;15151.20215;13241.70313;14207.25;15102.69727;16316.21777;16683.0918
Sum41;17641.99219;15105.69629;15520.31543;13441.30371;14486.74219;14336.31641;14676.58008;15223.84766;14361.88965;14635.50586;14835.95117;15219.7041;15341.95801;14352.39355;15382.3291;15279.27344;15203.77344;15398.43555;15900.02344;15978.38672;15074.83398;14761.52441;16082.6123;15419.19824;15904.75684;15671.73145;15369.31738;16385.85742;15990.68164;15729.1709;15961.88867;16722.75977;15921.90137;16281.20605;15588.75;16728.86719;15832.85449;16135.25195;15947.65723;16212.88184;16839.00391;16710.36914;16910.44531;16736.28125;16515.99414;16501.03906;14041.11035;14848.02637;16508.13477;16893.77344;17774.60156
Sum42;19056.89844;15519.4668;16319.2207;13975.35547;15389.45605;15071.06152;15385.09375;15890.12891;15143.85742;15162.54297;15470.19824;16055.99805;16138.99219;15065.2832;16007.99023;16088.16504;15954.12695;15878.44141;16589.97852;16682.07422;15819.29199;15552.28125;16581.54297;16074.70605;16526.30469;16209.41895;16043.92871;16756.41016;16761.73047;16023.18262;16519.83594;17014.47461;16317.61133;16705.6875;16150.39648;17254.75586;16462.66016;16518.83398;16378.41992;16643.10352;17720.8457;17491.42383;17909.62891;17453.37891;17062.21094;17244.39648;14800.52246;15636.43457;17048.37305;17933.40625;19321.82227
Sum43;17417.32031;14874.05469;15348.08887;13333.11328;14377.82324;14251.54297;14421.2207;15070.02734;14179.20117;14422.44629;14584.94922;15064.76758;15154.78809;14113.98242;15376.43164;15175.22754;15099.59473;15447.83301;15674.86523;15839.31738;14997.98242;14696.25684;15899.45703;15200.52441;15858.50293;15661.7373;15133.78516;16127.04785;15875.64355;15534.58887;15741.83691;16370.48242;15665.5791;16073.63965;15511.38965;16432.30664;15716.36816;15934.03516;15716.47949;15971.66797;16465.80859;16326.5752;16533.59375;16374.02441;16157.47168;16120.81055;13940.24219;14678.30859;16197.27051;16531.3418;17534.68164
Sum44;17328.84961;14431.16309;14634.61816;12908.86328;13694.87793;13593.98438;13807.58984;14369.86133;13472.03613;14073.21387;14020.68262;14501.65723;14459.97754;13484.62109;14974.73047;14933.99707;14756.90625;14886.45801;15183.76953;15329.10449;14629.00977;14355.90039;15194.85645;14754.62988;15210.50977;15011.71875;14700.46875;15309.35938;15217.7002;14852.39551;15024.79102;16119.00977;14949.76855;15290.75781;14828.6748;15580.62695;15014.95313;15167.51465;15028.94629;15168.76074;16210.34473;15450.96191;15700.33105;15515.49512;15296.42773;15274.10156;13436.9541;14233.41211;15333.76855;16644.57617;17474.23438
Sum45;16814.73438;15168.7959;15656.77246;13376.83887;14673.53613;14497.16211;14780.95801;15362.3125;14488.01953;14675.51855;14909.04883;15385.62012;15478.32422;14451.87988;15536.0918;15476.41602;15390.41504;15540.6582;15880.70117;15972.79004;15225.85156;14910.94238;16050.69043;15481.90918;15910.57715;15707.31152;15454.46582;16257.51563;15971.50879;15805.58789;15920.79688;16412.02344;15942.09473;16245.42871;15574.625;16446.10156;15820.41992;16152.88574;15996.3418;16173.33398;16503.08984;16414.57227;16504.21484;16452.49219;16306.28027;16296.15234;14190.66309;14975.03418;16304.14453;16470.78516;17028.4043
Sum46;15537.27344;14306.38965;14356.30859;12468.51855;13337.54688;13562.09863;13546.06348;14297.45898;13154.97168;13993.00488;14042.67969;14161.3584;14173.32324;13257.09082;14327.52148;14345.11133;14314.50488;14264.69922;14506.43848;14633.45996;14169.33398;13978.42285;14559.08691;14190.32227;14564.97852;14421.44531;14174.53906;15178.78027;14532.1875;14838.57227;14406.5498;15305.30566;14345.0332;15115.31348;14213.81934;15066.96387;14372.81445;14592.21777;14446.95605;14680.17383;15356.18066;15129.38281;15289.38574;15229.99609;14636.76172;14915.80176;13003.74707;13957.2666;14635.10059;15369.22754;15636.77051
Sum47;15630.7832;14523.4248;14498.41309;13040.18457;13817.38867;13779.31348;13955.66113;14466.91699;13621.01465;14261.40918;14280.48633;14460.9541;14481.33887;13660.49023;14455.99121;14461.63379;14461.10156;14447.66113;14457.11621;14491.83984;14468.35156;14449.27637;14474.1875;14442.77441;14470.79297;14458.05664;14474.15918;14455.58887;14469.49414;14447.52051;14436.0293;14846.56836;14443.19629;14477.51074;14439.28613;14469.01074;14424.62207;14438.29297;14442.65723;14438.0918;15051.89648;14459.03223;14506.52441;14462.4043;14433.1709;14462.39453;13565.92773;14342.73145;14440.15527;15148.2627;16128.75684
Sum48;17171.63477;14370.43164;14598.17773;12937.27734;13777.5498;13697.38965;13832.42773;14345.81934;13525.50586;13884.73438;14014.53418;14336.93652;14451.69629;13521.63086;14483.96875;14532.89648;14317.02148;14773.93262;15032.61035;15193.13867;14282.7334;14135.99902;15135.12012;14639.55176;15127.22363;14949.89844;14573.15137;15221.51465;15129.93262;14808.86621;14984.45898;16191.67383;14913.03516;15196.66602;14768.67676;15474.40332;14963.41699;15071.15918;14963.625;15094.125;16473.79883;15362.01855;15849.58984;15401.39844;15209.66113;15192.36328;13441.48047;13998.78711;15245.46289;16536.30859;17376.56641
Sum49;18950.98633;15543.62598;16386.52148;13965.77051;15442.39063;15116.41211;15446.71973;15943.20117;15207.6709;15220.26855;15502.53906;16154.89063;16210.3877;15136.73438;16126.99121;16182.28125;16052.3457;16055.31445;16750.82031;16842.39648;15941.10547;15699.4209;16805.68164;16294.53809;16793.29297;16418.9668;16298.29102;16930.07227;16983.11523;16178.61523;16746.39648;17214.99023;16532.03906;16924.32031;16318.2373;17450.88086;16676.63281;16731.19531;16575.66406;16867.47461;17802.83984;17622.55859;17951.76367;17541.99219;17229.43555;17320.81836;14809.91113;15774.40527;17248.15234;17992.60352;19092.81836
Sum50;19218.03516;15561.36719;16638.14844;13975.10449;15535.23145;15180.62695;15618.18359;16194.07813;15387.3457;15380.16797;15631.72559;16384.10156;16475.34375;15364.46875;16248.7832;16290.3291;16217.68555;16253.95801;16940.29297;17063.08008;16044.11816;15853.23242;16995.18359;16513.03125;16995.33008;16620.57227;16499.32617;17169.07031;17195.69922;16322.52637;16952.77148;17509.10156;16721.9043;17121.64648;16498.26172;17772.09766;16895.58008;16956.875;16765.54297;17135.17188;17959.21875;17746.95898;18228;17645.67188;17499.42969;17420.10938;14823.8623;15907.30664;17589.42969;18330.15039;19440.80078
Sum51;16588.7207;15061.19922;15536.37598;13308.93359;14575.83105;14414.73633;14652.40625;15233.11133;14370.26855;14540.44043;14792.12305;15263.42969;15349.69336;14323.52539;15534.17871;15377.48926;15274.25293;15486.52051;15831.83301;15912.29102;15109.33203;14808.00293;16028.18066;15408.77832;15816.83789;15668.77637;15359.49121;16167.93262;15871.40527;15765.10645;15885.59766;16318.38867;15881.33398;16156.60449;15550.6709;16357.75;15801.09082;16085.20996;15948.40039;16094.00684;16391.49609;16312.02246;16441.9668;16342.00391;16198.9375;16188.62988;14129.41211;14860.96191;16212.10938;16426.42383;16835.94922
Sum52;17734.97266;15068.54492;15722.65723;13621.9082;14634.57031;14368.80762;14599.95801;15349.27051;14338.41113;14692.03906;14883.46875;15434.56055;15485.68555;14348.08105;15426.69922;15465.00781;15393.8252;15289.28223;15977.84863;16031.22754;15254.06445;14990.19727;16199.87598;15516.86621;16162.04785;15894.91797;15474.52148;16575.55859;16270.55469;15807.04004;16147.59961;16956.19727;16029.61621;16571.14063;15815.93359;16954.85742;16089.00488;16381.40625;16059.33594;16484.18164;17105.96289;16994.43945;17118.36914;17006.72266;16788.04688;16780.19336;14210.00293;15050.49219;16730.875;17082.34766;17979.24023
Sum53;16043.44531;13776.29102;13954.62598;12111.71191;13021.70605;13285.1377;13256.99512;13884.5459;12840.41602;13384.10254;13480.17871;13639.4043;13702.69238;12989.38672;13927.97363;13941.0498;13915.60547;14267.17285;14127.90332;14266.64746;13723.97949;13514.41016;14319.43359;13752.27051;14167.54492;14003.40234;13711.72363;15691.89063;14130.9209;14836.37207;13992.38281;15801.76172;13918.04688;15617.3877;13776.51367;15119.62305;13954.54102;14676.67773;14027.88672;14729.78125;15858.02246;15549.4043;15763.3584;15738.09375;14258.11719;14937.05957;12820.91016;13427.8877;14270.3623;15835.41797;16165.03906
Sum54;17711.48047;15391.05957;16173.04785;13811.4541;14955.10938;14660.5957;15052.35059;15719.9541;14698.48535;15063.1709;15321.11719;15896.19043;15936.24902;14777.32617;15825.93457;15909.83398;15836.59277;15677.9502;16378.54297;16499.72461;15665.29492;15412.66406;16468.16992;15956.48145;16447.25391;16159.94531;15926.08398;16693.06836;16580.03906;15957.18066;16402.61523;16935.43359;16242.0459;16577.16797;16064.66797;17016.21875;16343.46973;16451.99023;16285.63867;16631.78516;17184.77734;17099.82422;17246.77734;17102.2793;16942.46289;16971.50977;14447.72852;15481.40723;16863.23047;17255.29688;17864.54492
Sum55;18008.58398;14856.44629;15336.79785;13526.08691;14420.5293;14233.64746;14419.39355;14965.55078;14175.68945;14337.79688;14548.6748;15040.4082;15061.67188;14098.60352;15259.72656;15280.55176;15072.70117;15325.86328;15735.57031;15915.37695;15001.78711;14671.9873;15965.0957;15312.08594;15812.85059;15561.96191;15285.90723;16164.75293;15873.63281;15629.28223;15823.05566;16406.73438;15776.95605;16143.91797;15527.82324;16487.4668;15740.52734;16001.76074;15823.24707;16040.13184;16530.56641;16363.51465;16620.64648;16403.38281;16167.57422;16154.15527;14056.94434;14684.7793;16249.0625;16682.39453;18160.96484
Sum56;17669.25195;14811.6875;15383.46191;13396.8252;14256.83105;14143.72949;14389.16113;15064.90723;14070.13965;14411.80762;14586.10156;15124.45313;15132.59277;14125.37402;15387.19336;15303.58887;15185.43945;15665.76074;15754.13086;16130.65625;14977.68652;14751.30469;16295.30859;15452.50977;16225.19434;16009.87695;15330.86914;16469.20313;16238.15918;15953.12988;16163.75586;16732.625;16089.56348;16470.86328;15857.93066;16782.92578;16101.67676;16293.25684;16128.31152;16311.38574;16848.02734;16733.42773;16914.43555;16774.97266;16580.05469;16560.95898;13934.26074;14800.92676;16585.05859;16887.2168;17784.63672
Sum57;18557.40234;15515.64258;16281.69824;13936.78809;15406.03613;15082.84277;15364.9082;15864.16211;15122.23047;15141.78027;15461.65039;16089.61035;16105.52148;15036.8457;16152.21191;16155.54883;16006.2666;16050.66797;16758.60156;16854.18555;15908.38281;15704.38965;16750.45898;16252.05664;16742.42188;16418.24219;16208.69141;16955.44531;16962.60547;16196.08301;16726.95703;17252.60938;16506.22461;16906.61719;16339.51367;17455.82031;16656.57617;16710.44727;16560.14844;16846.20508;17757.63281;17656.78125;17861.08008;17607.21484;17336.65625;17399.47656;14796.37305;15765.57422;17301.8125;17936.99023;18726.95313
Sum58;16943.95313;14534.39746;14879.09863;13018.80078;13893.29102;13766.70801;13937.35449;14534.05371;13694.90332;13995.91992;14150.48926;14639.09375;14625.95703;13676.04297;15162.20605;15095.43066;14950.36426;15069.24805;15405.94238;15525.69141;14805.90723;14532.86719;15427.5127;14967.66895;15385.14648;15214.61914;14903.75293;15546.07031;15399.67773;15114.66309;15262.90137;16163.36133;15201.54297;15547.0127;15019.75488;15820.91797;15218.36328;15418.24609;15276.25488;15420.07813;16279.85059;15711.47754;15908.98535;15770.11719;15557.92578;15541.59766;13621.94824;14375.09863;15592.66895;16453.02539;17129.85938
Sum59;17519.42969;15217.21191;15740.87598;13554.78711;14610.68359;14369.22168;14819.47266;15459.2793;14471.49902;14851.83398;15057.21191;15483.19727;15515.02246;14525.02441;15767.45996;15620.31641;15564.90527;15718.27832;16231.8623;16293.4209;15404.69922;15188.56543;16331.57715;15724.64844;16263.4541;16009.07227;15670.96777;16608.11719;16364.62988;15924.52734;16156.49805;16874.92383;16100.51465;16489.41211;15874.2334;16890.84961;16082.37598;16385.93164;16169.88281;16422.92188;16970.76367;16892.49414;17032.3457;16906.38867;16781.96094;16771.85938;14169.80566;15189.89551;16740.67188;17030.14453;17671.60156
Sum60;15763.84277;14651.36719;14894.63281;13127.4375;14000.52832;13956.35059;14036.5625;14653.04297;13767.16309;14296.15039;14351.70703;14660.94727;14726.6748;13728.02539;14903.50977;14899.53809;14896.40625;14899.8457;14919.11816;14917.12012;14829.90039;14640.30273;14910.97754;14891.08789;14914.82422;14925.88086;14905.94434;14901.72656;14916.56055;14895.18164;14923.97852;15177.06641;14919.22363;14924.38281;14906.69824;14913.15918;14913.16211;14909.31738;14905.98633;14931.94727;15254.73145;14954.02148;15038.5332;14907.39844;14949.79785;14937.91602;13704.76172;14374.12793;14927.2002;15281.21973;15968.43457
Sum61;17104.05664;14746.81445;15199.67969;13186.10254;14279.13379;14150.51758;14289.70703;14946.17285;14058.71973;14275.92285;14472.86914;14945.59082;15025.71777;13987.17578;15450.94629;15218.69629;15054.45801;15386.92871;15679.17285;15830.91699;14939.50781;14653.16309;15835.40234;15217.05469;15717.83203;15551.13965;15117.23047;15983.15625;15731.98828;15519.44141;15630.28027;16184.84375;15594.60352;15965.24121;15349.98926;16240.7627;15558.22852;15848.60645;15666.66406;15854.22559;16268.18555;16142.29785;16327.12207;16195.74219;15993.85547;15971.54395;13931.15723;14628.7168;16031.92383;16519.31055;17220.09961
Sum62;17421.43945;14567.12207;14890.06641;13090.75195;13940.71289;13787.72461;13969.28418;14598.81738;13723.96875;14040.32129;14187.87402;14624.56836;14665.37793;13681.00879;15206.72559;15099.34473;14870.33789;15140.11426;15404.03906;15560.63477;14762.22266;14416.89355;15476.7002;14969.80273;15456.16602;15282.31543;14910.99512;15570.23535;15464.27734;15146.6084;15323.74219;16082.37988;15247.8252;15558.71875;15107.3877;15828.31152;15289.15625;15430.49512;15314.08105;15450.27344;16215.20117;15731.4502;15941.83496;15778.66016;15575.37695;15562.43164;13650.77344;14406.45117;15602.62109;16629.94141;17471.99609
Sum63;16466.33594;14483.7627;14662.9248;12793.96875;13472.29883;13638.02539;13742.75684;14526.87598;13335.14844;14185.41309;14233.67969;14443.28223;14433.29199;13393.7666;14776.54883;14760.88184;14659.18359;14692.50684;14966.84668;15122.94531;14472.99219;14239.77637;15012.89844;14572.04688;15020.6377;14830.42676;14523.08496;15251.13965;15006.17773;14717.55762;14835.83984;16036.58496;14762.58008;15095.74902;14632.81934;15319.86426;14815.81152;14956.69434;14845.31348;14936.25781;16215.0625;15206.38477;15943.46387;15634.71582;15080.5293;15112.61035;13257.02734;14204.21387;15093.68848;16224.37305;16571.40234
Sum64;17327.42188;15308.04492;15929.94531;13661.89551;14737.69434;14484.20605;14916.09863;15603.625;14575.78711;14916.98828;15093.60059;15653.55566;15707.07715;14603.58984;15632.53027;15685.50586;15607.23047;15490.96191;16156.44238;16207.3418;15431.7002;15133.83594;16269.59473;15632.88672;16165.80859;15928.35938;15577.63379;16555.62695;16315.70117;15865.65137;16224.49414;16925.50391;16117.98926;16482.53516;15863.7959;16919.58594;16140.26367;16354.85059;16145.04785;16462.76367;17044.80273;16964.39648;17103.64844;16972.55859;16816.63672;16807.19336;14285.58203;15193.01465;16756.4668;17084.52734;17583.63477
Sum65;15511.35254;14073.95313;14139.75098;12286.55273;13019.30664;13384.82617;13350.13086;14058.38086;12913.69727;13716.8125;13787.00879;13917.74805;13938.37109;13055.72168;14176.52051;14106.8418;14091.10156;14390.78516;14273.53613;14401.59961;13919.3291;13725.86133;14511.62402;13933.12793;14314.90625;14163.02539;13916.18262;14841.69434;14279.44238;14706.04004;14132.79688;14940.80957;14060.2168;14871.87598;13934.2793;14825.9502;14107.40527;14725.53418;14159.12793;14750.84375;15103.62598;14850.91797;14986.91699;14959.58203;14424.125;14762.93457;12793.90234;13697.61523;14360.76563;15074.86426;15695.85938
Sum66;19004.70898;15447.52051;16160.64844;13965.51172;15300.88672;15000.77539;15270.18359;15752.73242;15025.08105;15056.60645;15354.24121;15916.3623;15979.78418;14923.19043;15878.46387;15946.94336;15808.66992;15727.41895;16448.78906;16530.28125;15687.26855;15372.35742;16444.47852;15936.88672;16416.875;16079.98926;15923.49609;16605.89453;16598.17188;15930.46484;16371.35156;16840.47852;16177.43652;16570.49023;15984.86816;17069.46484;16356.5459;16371.27441;16214.1709;16533.90625;17586.21875;17410.24609;17757.1875;17356.74414;17058.71289;17108.97266;14759.32129;15459.64258;16925.14648;17721.88281;19244.33789
Sum67;18551.28711;15382.33984;16097.96191;13952.08789;15189.13379;14896.79297;15115.37891;15589.72461;14872.3584;14905.85254;15273.46094;15848.66113;15837.2207;14768.74512;15814.15332;15878.34082;15750.30273;15688.31934;16385.13086;16472.58789;15625.64258;15356.54883;16408.21094;15963.44141;16390.48828;16086.65234;15922.64941;16628.63477;16581.41992;15901.24316;16336.7041;16991.48828;16141.88672;16560.84375;15988.71875;17215.80078;16279.84668;16440.28125;16181.8877;16587.64453;17503.97266;17359.00195;17656.76367;17321.74414;17127.47656;17075.8125;14696.96973;15434.27539;17029.64258;17683.61133;18724.33008
Sum68;17478.3125;15100.52344;15539.88281;13507.10352;14541.91406;14286.31348;14695.27539;15235.71582;14350.61816;14720.58105;14927.24121;15320.19434;15343.24316;14419.19824;15672.35156;15517.56055;15451.50977;15665.28516;16126.27246;16213.71875;15254.36816;15023.58594;16255.34961;15612.3916;16194.72363;15817.07715;15555.61133;16578.20508;16195.56152;15907.95508;16096.25;16897.71094;16058.98633;16490.41016;15653.0293;16897.79297;15942.39648;16344.52539;16129.51465;16371.32813;16962.98438;16894.87109;16978.69531;16921.17188;16750.35352;16741.61719;14108.09668;15013.11328;16711.69141;16947.97852;17724.17969
Sum69;17340.90625;14563.02246;14894.63086;13076.27051;14023.7832;13900.14648;14055.98145;14657.94141;13849.20801;14101.53516;14248.98633;14662.7168;14747.53223;13789.23926;15276.76855;15000.49023;14891.54785;15199.19336;15492.27246;15654.44531;14772.97461;14507.92578;15563.05762;15016.31348;15508.40527;15328.21289;14915.3457;15723.57324;15534.31348;15243.53516;15373.99121;15946.65918;15337.38574;15719.77832;15161.43164;16016.69141;15346.31934;15578.2666;15404.00977;15589.16211;16200.32227;15864.21484;16097.00391;15919.06543;15703.81055;15663.32715;13732.61426;14462.57031;15764.77539;16459.41211;17464.72266
Sum70;17998.79883;15392.81543;16187.44629;13885.3877;15025.59375;14724.5957;14985.67383;15634.85059;14745.20996;14996.46191;15304.24707;15922.62695;15909.09863;14677.36035;15846.34082;15940.14258;15837.85449;15747.19531;16425.00781;16514.38672;15678.55664;15412.4502;16441.23633;15936.77051;16413.48828;16096.47754;15927.30469;16714.69727;16573.4707;15949.08984;16411.04883;17096.94336;16235.28027;16635.57813;16047.72754;17176.86133;16347.76074;16503.27344;16281.54688;16636.88477;17380.43555;17250.63281;17458.18555;17240.51953;17019.61719;17071.99805;14541.60156;15494.41309;16998.48828;17450.61719;18173.47461
Sum71;19196.3125;15491.54297;16297.48535;13978.84375;15375.75879;15060.45215;15378.40723;15882.38672;15133.03711;15159.90234;15430.71484;15983.30469;16115.75977;15050.72949;15964.5625;16013.53809;15874.74023;15830.20605;16549.83789;16634.35156;15771.54883;15452.19141;16494.58984;16033.34375;16491.19336;16122.2002;15998.29102;16683.96094;16657.80273;15885.46582;16425.21094;16943.90625;16243.07031;16641.22852;16041.19727;17175.62891;16402.26953;16455.23047;16286.93652;16610.14063;17685.95508;17457.10156;17867.14063;17379.66992;17033.46289;17149.89648;14781.9834;15533.66699;16983.76953;17875.46875;19462.54492
Sum72;17551.69531;15000.84961;15503.84863;13518.52344;14498.41211;14347.6543;14545.33984;15205.5625;14280.00098;14524.84961;14701.14648;15254.7998;15309.90918;14232.15527;15273.36621;15355.93066;15249.66211;15164.09668;15670.45703;15680.49316;15089.38574;14793.46387;15673.625;15283.27051;15676.85645;15622.47168;15241.9541;15648.88477;15661.45117;15617.62988;15649.37402;15671.48535;15627.66504;15662.0166;15499.6084;15653.29688;15634.72363;15639.10156;15622.67969;15650.91992;15656.98535;15639.3584;15658.41699;15659.41016;15640.86133;15633.80859;14053.52246;14857.90723;15622.78809;15639.68164;17877.78125
Sum73;17350.68164;15222.17969;15825.15234;13482.92578;14618.19238;14464.35254;14682.61133;15451.91309;14247.80469;14883.87598;15065.25195;15561.20117;15512.07324;14429.8291;15791.96484;15722.45898;15711.82715;15655.5166;16109.7168;16192.21191;15488.67285;15246.96191;16262.16504;15649.66113;16122.33984;15911.69922;15594.71484;16558.9043;16228.73145;15912.8584;16152.28613;16783.28711;16075.74023;16475.90625;15789.30664;16809.63086;16071.33203;16369.85449;16127.25488;16395.23047;16878.0918;16798.74414;16940.05859;16814.10938;16698.36914;16688.47852;14121.66113;15232.39648;16670.09766;16936.65625;17518.76367
Sum74;16613.40234;14316.82129;14386.05176;12421.18359;13170.13574;13244.65625;13343.82617;14255.53125;13001.5;13932.44629;13951.28418;14159.77441;14088.00293;12991.95703;14398.64844;14438.54004;14350.30078;14302.86621;14630.25586;14742.63965;14226.79199;13996.29492;14595.03027;14254.25879;14622.19727;14413.94629;14223.40137;15648.31055;14609.78223;14779.70313;14424.53809;16154.90234;14354.82031;15427.22266;14233.59082;15076;14399.61816;14568.31348;14453.56055;14549.87988;16240.57129;15589.30859;16125.68555;15844.26855;14753.80859;14742.27637;12886.34375;13936.43262;14764.40039;16279.58008;16778.08398
Sum75;16765.91992;14587.21191;14899.7168;13036.35352;13967.07813;13839.77246;14011.32422;14598.82031;13732.55664;14118.82715;14269.33301;14644.93555;14665.64063;13691.73926;15105.51758;15097.27051;14893.68848;15061.30566;15361.56445;15472.57422;14759.47852;14501.5;15465.25293;14890.13086;15387.68164;15240.24707;14809.49707;15583.86133;15353.01172;15171.98926;15286.14941;16144.28809;15237.06836;15563.67871;15014.80859;15857.29395;15230.87891;15446.98926;15314.74609;15447.11719;16337.86914;15703.77734;15928.41797;15763.93555;15539.64746;15508.62207;13695.9541;14378.34277;15594.50488;16473.07227;16932.54297
Sum76;18415.51367;15256.41602;15758.03809;13804.88477;14824.42773;14536.4209;14840.50684;15370.52051;14566.62305;14727.74902;14985.9707;15486.97168;15552.12793;14512.91699;15538.16504;15558.61035;15414.87891;15491.7793;16053.01855;16098.67969;15286.55469;15005.75391;15957.0752;15510.70703;15951.99023;15665.6543;15473.67578;16393.5918;16080.40234;15558.80176;15841.49512;16850.61328;15677.9707;16518.74023;15547.29004;16886.53711;15817.60059;16191.86816;15840.40527;16384.53711;17021.58594;16890.76953;17122.47656;16903.25977;16659.38477;16629.02344;14416.56152;15040.8623;16671.74219;17038.89453;18537.57617
Sum77;17711.18945;14963.77441;15349.42578;13460.51855;14378.75684;14241.91504;14502.40527;15064.68945;14218.6875;14471.13672;14671.49609;15093.67773;15165.23633;14208.65234;15248.07129;15230.4834;15135.77832;15369.97363;15708.71094;15861.79492;14975.5459;14682.03906;16050.07617;15248.65039;15876.85742;15631.27734;15184.16602;16277.88184;15870.11328;15703.01465;15887.60645;16559.26172;15873.56543;16211.78613;15548.50293;16611.10938;15774.68262;16085.47461;15893.60254;16164.06152;16735.08594;16577.84961;16817.35156;16616.02344;16362.0625;16353.29688;13983.79785;14704.36816;16367.45215;16799.59375;17925.47852
Sum78;15100.20605;13768.29102;13831.70215;12185.92871;12947.40234;13285.17969;13221.45996;13835.35742;12808.22656;13403.29492;13507.48047;13632.66797;13703.38965;12945.7373;14447.19922;14000.39551;13781.15137;14436.8457;13935.4248;14229.39355;13611.84766;13427.98926;14426.73438;13633.85742;13983.87793;13974.89063;13614.06836;14486.37793;13952.27051;14395.94141;13834.85156;14615.25195;14097.7041;14530.22949;13648.48047;14514.50098;13806.44434;14430.04297;14339.36816;14432.97461;14746.9873;14511.68652;14711.45313;14677.87598;14447.83887;14467.45215;12660.84668;13426.58887;14423.88281;14787.03223;15269.77539
Sum79;16601.07227;14727.76855;14946.67969;13018.54297;13799.61816;13728.39551;13848.89941;14723.7334;13584.3418;14211.69238;14367.05566;14690.70117;14703.20117;13602.46094;15105.25195;15004.45313;14896.31641;15035.74023;15286.24902;15449.7666;14778.98926;14507.86133;15373.88379;14857.39746;15358.59277;15184.06836;14779.03125;15459.56641;15350.16602;15062.05371;15202.35059;16076.64063;15132.44434;15471.99609;14993.02539;15693.17676;15174.35254;15345.41797;15209.45801;15327.18066;16229.88965;15658.87988;15988.3623;15712.63086;15535.72559;15531.12207;13506.7334;14407.53125;15487.59375;16244.56543;16708.52539
Sum80;17376.25;15410.89258;16324.21875;13945.41016;15282.99512;14958.35645;15241.68652;15847.44141;15010.82324;15002.59375;15329.63965;16200.21484;16071.41406;14966.36035;16251.89844;16264.70605;16131.11035;16187.54102;16471.61719;16519.59766;16059.71777;15864.03418;16499.47656;16419.16211;16473.07227;16481.51758;16389.61719;16451.5332;16486.06055;16291.35938;16453.43359;16485.07422;16455.26367;16471.70703;16427.65234;16477.35156;16435.9375;16462.35156;16439.20313;16457.94922;16536.33789;16470.01563;16702.68164;16463.46875;16459.07422;16441.85742;14738.37109;15909.77637;16466.49609;16781.83398;18049.85938
Sum81;17351.36523;14779.89355;15141.43457;13189.19141;14189.31836;14109.98633;14277.07227;14907.47656;14019.87402;14224.07715;14511.89551;14875.08984;14994.52051;13999.72168;15194.50781;14965.23926;14903.67578;15310.00586;15574.33301;15751.95996;14826.50293;14527.71289;15714.35254;15129.25195;15697.08008;15515.65039;15036.55566;15844.12695;15700.95508;15380.75586;15568.96973;16085.99316;15492.03223;15823.86816;15349.05859;16139.97266;15552.2998;15692.30762;15530.70605;15710.08594;16318.51465;16063.66992;16240.0459;16109.81348;15913.51855;15890.02637;13856.85254;14502.08691;15934.06445;16669.62891;17480.58789
Sum82;17830.61328;14482.08105;14733.18555;13028.87988;13882.79688;13782.05371;13847.91309;14444.1416;13645.48828;13961.47266;14044.57324;14506.48535;14503.98535;13581.18555;15172.38477;14940.34961;14631.95996;15150.5459;15356.16113;15518.08984;14533.43457;14242.33105;15526.95898;14885.72852;15499.64844;15325.95117;14772.08008;15633.17773;15482.63867;15207.54785;15378.62695;16304.69922;15311.81055;15646.33008;15138.24805;15963.95605;15344.60742;15468.63281;15344.38965;15502.96289;16254.58301;15828.95996;16058.03906;15874.90137;15637.37695;15600.7998;13500.37988;14248.51758;15699.8623;16455.33984;17985.82227
Sum83;17787.81055;14840.67578;15217.01758;13349.00586;14250.05078;14145.5332;14364.76367;14973.11035;14113.25098;14297.59277;14547.53125;14964.60742;15067.5752;14069.09961;15252.8125;15116.65039;15000.20313;15316.6748;15594.58105;15700.55664;14855.82324;14558.96875;15820.02344;15120.9502;15720.14453;15552.67773;15071.10938;16010.43457;15701.87988;15440.50781;15644.80371;16303.7207;15588.34082;15950.98047;15385.50879;16351.44043;15591.11523;15797.81738;15624.49902;15819.59961;16387.88867;16227.82227;16466.76172;16273.39648;16029.7002;15992.13965;13865.01367;14624.61621;16072.4541;16428.05859;17926.80469
Sum84;18530.58398;15500.5918;16301.69922;13943.94141;15376.72266;15061.39258;15347.8877;15853.08105;15102.13086;15127.03125;15438.79883;16039.34082;16135.8252;15028.09473;16090.76563;16081.73535;15947.63867;16035.58789;16710.75781;16832.62891;15853.86035;15638.83301;16715.57617;16265.06543;16729.28711;16379.30371;16229.74512;16870.08789;16923.29688;16126.27441;16649.03906;17146.59375;16419.56641;16833.30664;16268.84473;17479.9082;16578.72461;16630.12891;16480.50391;16783.07813;17787.75195;17641.65234;17938.9375;17581.95898;17288.67188;17356.86133;14785.58008;15675.22559;17314.86133;18059.78711;18724.63086
Sum85;16501.23047;14490.92871;14703.53809;12892.17676;13677.35645;13674.41309;13785.38965;14541.53906;13411.25781;14086.79297;14164.11816;14432.37109;14407.58203;13468.42578;14863.40625;14777.19727;14673.02344;14788.52539;15032.70508;15192.35059;14534.45117;14263.85742;15109.33789;14559.5127;15091.6416;14930.77246;14491.78711;15184.15918;15071.46191;14822.27344;14933.44043;16186.04785;14870.26367;15177.89258;14727.10742;15437.50684;14908.15039;15048.71484;14947.75293;15044.89453;16355.52832;15290.60156;15923.19434;15485.00488;15137.25684;15107.26758;13380.62695;14170.77832;15175.03809;16306.74414;16668.43945
Sum86;17196.30078;15074.15527;15658.93945;13425.10156;14532.75098;14374.97559;14711.14258;15329.87402;14400.13184;14642.10352;14860.5332;15300.70801;15455.5918;14398.07422;15688.92871;15607.95605;15449.91406;15670.19824;16062.80371;16144.3125;15326.85645;15023.51855;16117.00879;15601.48438;16081;15874.18945;15565.33301;16426.16016;16143.20605;15794.17871;15981.14648;16594.2168;15966.7373;16377.48047;15728.17871;16631.24609;15943.75879;16306.13965;16068.63672;16332.83887;16672.04688;16586.74609;16731.625;16610.09375;16485.82422;16464.7793;14020.01953;15003.33594;16484.54492;16715.46484;17351.21484
Sum87;17285.59766;14377.24512;14657.44336;12888.90527;13746.89941;13650.32129;13820.42773;14349.1748;13519.49414;13936.10254;14001.77051;14424.47754;14441.43945;13504.52344;14979.55566;14920.86426;14759.41113;14891.7793;15198.04688;15332.9082;14606.9209;14360.24121;15196.87695;14765.21973;15185.58594;14993.55957;14676.06348;15327.06348;15194.48828;14891.44141;15013.79199;16206.39648;14967.16699;15322.95996;14833.13965;15597.37305;15003.60156;15176.76563;15034.07813;15180.82324;16380.41309;15445.33105;15746.08301;15507.50977;15291.08887;15255.02832;13474.89648;14196.88086;15344.83887;16335.91211;17424.41406
Sum88;17779.04297;14836.78418;15161.42871;13298.20801;14231.4248;14072.55371;14298.33594;14907.69434;14028.43164;14302.91211;14505.83008;14896.88965;14999.01367;13995.72266;14927.63086;14999.30469;14885.85156;15084.88281;15333.83984;15406.96973;14728.7041;14482.63086;15491.11621;14864.74219;15265.14453;15175.7041;14817.2998;15781.55078;15506.57617;15242.56348;15437.18457;16045.91992;15374.68359;15745.7334;15204.02539;16130.45605;15372.45508;15621.14063;15421.57324;15685.92578;16115.51855;16003.41797;16204.65234;16020.84375;15831.16895;15762.77734;13923.63867;14542.7998;15896.97656;16385.46289;18010.50195
Sum89;18697.55859;15516.21777;16270.38281;13953.05371;15395.6748;15076.69824;15360.32617;15848.71094;15116.64941;15139.86426;15459.51953;15996.78223;16098.07617;15025.97461;16089.46094;16071.27832;15927.8623;15975.02539;16682.71484;16775.54102;15856.93359;15575.31836;16652.1875;16179.82813;16645.35352;16268.19238;16144.05762;16834.86133;16822.66992;16058.75488;16615.33203;17111.60352;16415.29688;16803.87109;16192.2832;17395.14844;16549.39844;16621.7793;16456.92773;16757.94141;17770.82031;17602.45703;17921.07227;17545.60352;17209.44922;17287.29688;14784.58887;15630.79395;17203.09375;17983.13867;19005.08789
Sum90;17050.40039;15433.09082;16157.80176;13843.49316;15077.20215;14764.41016;15089.32129;15852.37305;14817.60254;15115.45703;15436.07227;16083.24805;16011.69141;14869.22852;16069.83203;16131.21875;16040.88672;15957.95508;16124.98438;16153.18457;15911.68848;15695.06543;16145.26367;16116.24023;16137.2373;16133.27246;16092.02441;16110.93555;16160.19434;16104.67285;16114.27441;16131.67285;16104.10449;16140.65527;16112.27734;16144.65137;16109.71094;16124.34082;16104.29004;16121.27637;16328.70605;16184.90527;16425.11914;16184.27344;16124.50098;16098.76563;14554.23242;15773.92773;16129.09668;16460.68164;17588.71875
Sum91;18341.76367;15437.12891;16206.9502;13944.29199;15282.56934;14972.32715;15237.22754;15753.57324;14997.12793;15009.1084;15352.37598;15987.625;16030.08203;14939.53906;16072.61719;16066.12305;15953.4541;15965.71582;16672.76367;16779.21875;15845.33789;15608.29297;16653.03906;16201.64551;16639.25391;16315.15332;16164.63379;16768.89648;16849.63477;16082.16504;16568.48242;17215.13086;16352.76074;16738.3457;16198.77148;17408.25;16506.30078;16540.03906;16407.67773;16789.83984;17681.7793;17537.37891;17867.29297;17476.88867;17279.59375;17269.36914;14751.7334;15658.3584;17282.33984;17913.06641;18672.36914
Sum92;16388.57422;14674.12695;14963.24023;13108.72656;13962.15918;13911.6875;14037.81738;14687.36426;13759.95996;14268.7373;14367.55762;14702.78613;14699.86426;13728.56445;15218.33301;15107.06055;14998.23828;15165.46484;15357.52148;15496.00781;14749.83984;14496.35449;15442.44434;14965.55469;15436.25977;15303.27246;14874.59961;15518.8418;15412.83105;15215.20898;15316.84863;16013.01563;15265.1377;15536.46484;15122.92969;15725.47168;15289.22461;15426.93164;15318.38477;15415.21875;16077.69238;15641.6084;15896.71973;15685.99414;15524.2832;15510.90332;13694.49902;14428.18066;15548.1377;16097.88281;16521.54297
Sum93;18232.50977;14993.23828;15395.17188;13539.5;14446.52246;14276.25293;14467.48438;15122.50879;14252.04785;14437.86133;14680.38477;15126.55957;15226.82031;14197.02051;15285.30273;15240.39258;15115.08789;15135.53613;15671.58887;15732.06641;14970.71973;14690.42188;15737.5918;15193.2168;15731.47168;15486.27148;15174.77832;16222.19336;15744.49023;15572.69727;15698.45996;16504.24414;15713.19922;16163.58789;15371.28418;16569.28516;15620.90723;15997.34473;15746.99902;16070.27051;16588.4668;16435.65234;16690.1875;16444.55078;16238.15723;16181.37793;14106.46582;14701.2373;16322.79883;16663.39844;18437.76953
Sum94;18798.24805;15557.91113;16619.83203;14007.30957;15542.41016;15177.93359;15614.55273;16226.04883;15386.66309;15373.75879;15633.4541;16369.94727;16433.79688;15355.56348;16200.46484;16306.80859;16229.2793;16284.51953;16958.73633;17132.54688;16122.77637;15864.48438;17130.04102;16593.00391;17123.88086;16740.35742;16615.53516;17268.19922;17341.82031;16434.60156;17069.71094;17545.18164;16804.64844;17227.98047;16639.71875;17806.94922;16991.54492;17017.04492;16888.76367;17201.92969;17956.46094;17883.54492;18237.02344;17786.14258;17654.82422;17589.27148;14834.05078;15971.07422;17663.11523;18348.10547;18921.99219
Sum95;17497.97266;14516.05664;14892.95215;13071.25488;14051.86816;13910.61523;14087.84473;14616.36914;13830.91113;14068.45215;14236.46484;14650.31641;14694.47559;13769.86914;15334.04395;15101.67285;14866.89258;15320.87305;15520.59863;15697.65332;14831.55957;14520.16016;15665.86035;15063.58008;15647.46191;15450.84082;14934.44238;15825.11816;15644.64941;15314.57422;15498.34375;16075.78906;15425.15234;15832.44922;15291.49316;16135.63867;15482.21777;15674.98438;15466.08887;15695.35645;16261.31934;16011.29883;16241.94824;16065.84668;15834.96875;15811.89258;13627.06348;14471.4209;15892.2207;16515.66602;17619.24805
Sum96;17549.55859;15020.02734;15463.28906;13461.15625;14441.63184;14314.4209;14581.06543;15169.63965;14288.86328;14517.73828;14720.66895;15185.52246;15271.06738;14272.50293;15293.625;15303.23242;15179.84766;15510.13379;15786.70801;16014.42871;15045.63184;14718.33398;16064.21484;15451.9873;16006.57715;15766.64746;15416.67871;16376.14258;16080.35742;15721.81836;15954.34766;16643.26758;15886.24316;16309.80371;15628.1748;16685.64258;15895.99121;16158.30566;15915.87891;16203.20508;16718.51563;16612.69141;16785.70508;16637.33008;16450.34961;16410.18555;14037.23926;14790.80273;16468.18164;16761.08203;17692.42773
Sum97;17844.20313;15110.64063;15571.10938;13585.75098;14529.25195;14395.12207;14636.2041;15282.78027;14364.81836;14570.28125;14814.87012;15329.99902;15374.79297;14343.22266;15416.81543;15444.70605;15334.8877;15370.38965;15872.75195;15914.06641;15176.52441;14874.83789;16065.38672;15394.08496;15841.53613;15599.27637;15361.08984;16307.53906;15952.61719;15720.13867;15927.87598;16626.49609;15905.71387;16251.77344;15584.18652;16652.02734;15805.70898;16112.65234;15936.2959;16197.1084;16782.625;16632.11914;16868.17969;16658.19336;16424.25781;16403.45313;14125.97168;14938.54102;16421.0918;16851.07227;17984.44531
Sum98;18905.36719;15521.86426;16260.12988;13960.93945;15372.07129;15061.04199;15359.81445;15836.55469;15112.66797;15144.27344;15457.77734;15957.04199;16071.98828;15017.07813;15965.90039;16017.92676;15866.10059;15838.39551;16558.18164;16643.66602;15766.69141;15490.59961;16544.37891;16052.09277;16509.12305;16178.81543;16012.91797;16709.19336;16679.15625;15989.10254;16483.80469;17021.6543;16314.18066;16668.85156;16084.89746;17207.29492;16443.83008;16486.28711;16322.70898;16645.75;17735.51953;17545.22266;17902.08984;17498.375;17175.875;17257.00977;14774.79883;15563.77832;17113.39063;17925.60938;18970.39063
Sum99;17881.58398;15337.48633;16020.37402;13775.72168;14867.91406;14580.99121;14912.99805;15630.71191;14604.21973;14978.88184;15160.08008;15741.23242;15797.7959;14665.70117;15647.15137;15749.34375;15682.72461;15626.58496;16265.9082;16365.66504;15478.56445;15178.02441;16333.62988;15763.9502;16316.49219;16018.3418;15756.05957;16630.39453;16440.57227;15818.03027;16236.61816;16908.81055;16094.00195;16533.58203;15906.53613;17014.50977;16183.69238;16403.23047;16128.88965;16542.0293;17192.50781;17075.1543;17265.92773;17081.72461;16856.22266;16875.91992;14393.41406;15265.86133;16802.41406;17247.54883;18035.50195
Sum100;17484.96094;14874.9502;15324.89746;13342.53223;14342.82227;14248.98926;14397.35547;15030.30469;14172.40918;14370.08789;14584.06641;15047.82227;15113.20605;14109.39258;15319.81445;15176.38379;15102.48926;15421.43457;15659.90527;15808.41602;14983.30176;14705.13086;15872.74121;15178.45605;15816.47266;15628.76367;15122.63574;16103.10449;15830.2334;15505.41016;15709.20313;16363.71094;15633.2998;16070.38867;15468.85059;16425.30469;15680.44043;15918.18652;15673.50586;15946.61914;16455.84375;16308.07324;16526.07031;16354.44629;16127.21777;16087.22754;13922.66016;14672.9668;16170.8916;16509.56641;17607.37305
Sum101;18650.98242;14917.24609;15415.50879;13607.81152;14567.85156;14293.56641;14486.28223;15150.14844;14253.83887;14420.15039;14622.58203;15187.95898;15209.62402;14153.41211;15280.25488;15226.91211;15175.4668;15213.15332;15748.49121;15802.12891;14984.19531;14705.53906;15723.08203;15312.50488;15771.28418;15462.15723;15260.29395;16319.94922;15891.89355;15579.87988;15895.23828;16701.28516;15806.24121;16419.01563;15355.7627;16750.73633;15862.97461;16027.00586;15835.63281;16149.57227;16841.55273;16709.14844;16938.90234;16720.52539;16468.72461;16447.15039;14219.10254;14746.61035;16503.49023;16965.53711;19043.03516
Sum102;19124.6543;15077.83398;15522.34473;13632.31152;14627.36621;14390.90137;14584.53906;15253.5459;14398.65527;14590.83887;14787.59668;15228.46387;15372.93164;14318.3623;15255.02344;15244.01172;15187.34082;15257.66309;15849.87695;15800.44727;14997.48047;14741.6123;15791.76563;15325.93848;15724.2373;15514.49121;15279.92285;16331.29102;15923.36816;15685.60156;15927.67969;16718.20117;15822.47754;16276.90527;15396.9873;16755.40039;15653.06152;16156.88379;15924.57324;16250.82031;16924.32227;16766.99609;17008.06641;16783.57813;16518.0293;16487.41992;14257.7832;14783.37109;16525.32227;17004.54297;19558.10938
Sum103;19144.9668;15076.44434;15576.82422;13608.83105;14658.0498;14421.77051;14603.50977;15317.58008;14417.27637;14594.11035;14799.01953;15340.65039;15374.16309;14333.55176;15445.48828;15370.62305;15318.24414;15272.33008;15912.78027;15959.87305;15213.52637;14863.97949;16029.42871;15364.00195;15847.0332;15541.44238;15315.85059;16410.42773;15942.06641;15662.26465;15968.13867;16747.57813;15887.04492;16361.80859;15422.87207;16778.17969;15832.11133;16170.3252;15907.40234;16272.05664;16937.82422;16789.67188;17052.5918;16803.78711;16589.99023;16550.83984;14246.77539;14914.68652;16566.86133;17050.52539;20056.82813
Sum104;18650.98242;14902.15723;15286.16699;13351.64551;14307.43555;14193.20605;14482.79395;15096.23535;14179.44336;14396.85254;14611.16504;15052.56836;15191.80859;14158.61328;15201.55664;15165.77637;15054.69922;15406.59766;15722.03418;15817.60938;14909.16699;14643.12305;15998.02832;15243.16992;15850.38281;15639.98242;15186.98926;16241.30762;15821.9707;15636.20801;15841.34863;16572.29297;15792.57031;16210.92578;15515.20703;16600.56836;15757.85352;16006.58105;15817.96973;16045.87695;16679.17188;16520.42188;16758.28516;16558.79688;16310.64941;16274.19824;13894.17285;14744.47461;16343.28418;16740.49609;19067.11133
Sum105;19124.6543;14902.15723;15286.16699;13351.64551;14307.43555;14193.20605;14482.79395;15096.23535;14179.44336;14396.85254;14611.16504;15052.56836;15191.80859;14158.61328;15201.55664;15165.77637;15054.69922;15406.59766;15722.03418;15817.60938;14909.16699;14643.12305;15998.02832;15243.16992;15850.38281;15639.98242;15186.98926;16241.30762;15821.9707;15636.20801;15841.34863;16572.29297;15792.57031;16210.92578;15515.20703;16600.56836;15757.85352;16006.58105;15817.96973;16045.87695;16679.17188;16520.42188;16758.28711;16558.79688;16310.64941;16274.19824;13894.17285;14744.47461;16343.28418;16740.51367;19562.50977
Sum106;19144.9668;14902.15723;15286.16699;13351.64551;14307.43555;14193.20605;14482.79395;15096.23535;14179.44336;14396.85254;14611.16504;15052.56836;15191.80859;14158.61328;15201.55664;15165.77637;15054.69922;15406.59766;15722.03418;15817.60938;14909.16699;14643.12305;15998.02832;15243.16992;15850.38281;15639.98242;15186.98926;16241.30762;15821.9707;15636.20801;15841.34863;16572.29297;15792.57031;16210.92578;15515.20703;16600.56836;15757.85352;16006.58105;15817.96973;16045.87695;16679.17188;16520.42188;16758.28711;16558.79688;16310.64941;16274.19824;13894.17285;14744.47461;16343.28418;16740.51367;20075.46289
Sum107;18650.98242;14902.15723;15286.16699;13351.64551;14307.43555;14193.20605;14482.79395;15096.23535;14179.44336;14396.85254;14611.16504;15052.56836;15191.80859;14158.61328;15201.55664;15165.77637;15054.69922;15406.59766;15722.03418;15817.60938;14909.16699;14643.12305;15998.02832;15243.16992;15850.38281;15639.98242;15186.98926;16241.23438;15821.9707;15636.20801;15841.34863;16562.2168;15792.57031;16210.92578;15515.20703;16589.97852;15757.85352;16006.58105;15817.96973;16045.87695;16659.91016;16512.14063;16734.12305;16548.5;16309.44043;16273.45508;13894.17285;14744.47461;16341.26855;16712.13672;17706.89648
Sum108;19124.6543;14902.15723;15286.16699;13351.64551;14307.43555;14193.20605;14482.79395;15096.23535;14179.44336;14396.85254;14611.16504;15052.56836;15191.80859;14158.61328;15201.55664;15165.77637;15054.69922;15406.59766;15722.03418;15817.60938;14909.16699;14643.12305;15998.02832;15243.16992;15850.38281;15639.98242;15186.98926;16241.23438;15821.9707;15636.20801;15841.34863;16562.2168;15792.57031;16210.92578;15515.20703;16589.97852;15757.85352;16006.58105;15817.96973;16045.87695;16659.91016;16512.14063;16734.12305;16548.5;16309.44043;16273.45508;13894.17285;14744.47461;16341.26855;16712.13672;17706.89648
Sum109;19144.9668;14902.15723;15286.16699;13351.64551;14307.43555;14193.20605;14482.79395;15096.23535;14179.44336;14396.85254;14611.16504;15052.56836;15191.80859;14158.61328;15201.55664;15165.77637;15054.69922;15406.59766;15722.03418;15817.60938;14909.16699;14643.12305;15998.02832;15243.16992;15850.38281;15639.98242;15186.98926;16241.23438;15821.9707;15636.20801;15841.34863;16562.2168;15792.57031;16210.92578;15515.20703;16589.97852;15757.85352;16006.58105;15817.96973;16045.87695;16659.91016;16512.14063;16734.12305;16548.5;16309.44043;16273.45508;13894.17285;14744.47461;16341.26855;16712.13672;17706.89648
Sum110;18650.58398;14917.24609;15415.50879;13607.81152;14567.85156;14293.56641;14486.28223;15150.14844;14253.83887;14420.15039;14622.58203;15187.95898;15209.62402;14153.41211;15280.25488;15226.91211;15175.4668;15213.15332;15748.49121;15802.12891;14984.19531;14705.53906;15723.08203;15312.50488;15771.28418;15462.15723;15260.29395;16318.45703;15891.89355;15579.87988;15895.23828;16681.66602;15806.24121;16411.625;15355.7627;16726.13867;15862.97461;16027.00586;15835.63281;16149.57227;16797.45313;16686.15234;16877.15625;16696.23047;16462.49414;16441.0918;14219.10254;14746.61035;16495.21289;16882.78906;17627.84961
Sum111;19124.6543;15077.83398;15522.34473;13632.31152;14627.36621;14390.90137;14584.53906;15253.5459;14398.65527;14590.83887;14787.59668;15228.46387;15372.93164;14318.3623;15255.02344;15244.01172;15187.34082;15257.66309;15849.87695;15800.44727;14997.48047;14741.6123;15791.76563;15325.93848;15724.2373;15514.49121;15279.92285;16329.48438;15923.36816;15685.60156;15927.67969;16696.61523;15822.47754;16276.6748;15396.9873;16729.5918;15653.06152;16156.88379;15924.57324;16250.81055;16860.29688;16736.64063;16918.23242;16750.61328;16509.78711;16479.91602;14257.7832;14783.37109;16515.44336;16905.68555;17622.93945
Sum112;19144.9668;15076.44434;15576.82422;13608.83105;14658.0498;14421.77051;14603.50977;15317.58008;14417.27637;14594.11035;14799.01953;15340.65039;15374.16309;14333.55176;15445.48828;15370.62305;15318.24414;15272.33008;15912.78027;15959.87305;15213.52637;14863.97949;16029.42871;15364.00195;15847.0332;15541.44238;15315.85059;16405.77734;15942.06641;15662.26465;15968.13867;16721.65039;15887.04492;16359.8457;15422.87207;16750.63867;15832.11133;16170.3252;15907.40234;16271.86914;16869.53516;16754.9043;16940.95313;16767.1875;16577.72656;16539.59961;14246.77539;14914.68652;16554.89844;16932.25586;17621.69336
Sum113;17553.9082;14902.15723;15286.16699;13351.64551;14307.43555;14193.20605;14482.79395;15096.23535;14179.44336;14396.85254;14611.16504;15052.56836;15191.80859;14158.61328;15201.55664;15165.77637;15054.69922;15406.59766;15722.03418;15817.60938;14909.16699;14643.12305;15998.02832;15243.16992;15850.38281;15639.98242;15186.98926;16241.23438;15821.9707;15636.20801;15841.34863;16562.2168;15792.57031;16210.92578;15515.20703;16589.97852;15757.85352;16006.58105;15817.96973;16045.87695;16659.91016;16512.14063;16734.12305;16548.5;16309.44043;16273.45508;13894.17285;14744.47461;16341.26855;16712.13672;17626.04102
Sum114;;;;;;;;;;;;;;;;;;;;;;;;;;;;;;;;;;;;;;;;;;;;;;;;;;;
Sum115;;;;;;;;;;;;;;;;;;;;;;;;;;;;;;;;;;;;;;;;;;;;;;;;;;;
Sum116;;;;;;;;;;;;;;;;;;;;;;;;;;;;;;;;;;;;;;;;;;;;;;;;;;;
Sum117;;;;;;;;;;;;;;;;;;;;;;;;;;;;;;;;;;;;;;;;;;;;;;;;;;;
Sum118;;;;;;;;;;;;;;;;;;;;;;;;;;;;;;;;;;;;;;;;;;;;;;;;;;;
Sum119;;;;;;;;;;;;;;;;;;;;;;;;;;;;;;;;;;;;;;;;;;;;;;;;;;;
Sum120;;;;;;;;;;;;;;;;;;;;;;;;;;;;;;;;;;;;;;;;;;;;;;;;;;;
Sum121;;;;;;;;;;;;;;;;;;;;;;;;;;;;;;;;;;;;;;;;;;;;;;;;;;;
Sum122;;;;;;;;;;;;;;;;;;;;;;;;;;;;;;;;;;;;;;;;;;;;;;;;;;;
Sum123;;;;;;;;;;;;;;;;;;;;;;;;;;;;;;;;;;;;;;;;;;;;;;;;;;;
Sum124;;;;;;;;;;;;;;;;;;;;;;;;;;;;;;;;;;;;;;;;;;;;;;;;;;;
Sum125;;;;;;;;;;;;;;;;;;;;;;;;;;;;;;;;;;;;;;;;;;;;;;;;;;;
Sum126;;;;;;;;;;;;;;;;;;;;;;;;;;;;;;;;;;;;;;;;;;;;;;;;;;;
Sum127;;;;;;;;;;;;;;;;;;;;;;;;;;;;;;;;;;;;;;;;;;;;;;;;;;;
Sum128;;;;;;;;;;;;;;;;;;;;;;;;;;;;;;;;;;;;;;;;;;;;;;;;;;;
Sum129;;;;;;;;;;;;;;;;;;;;;;;;;;;;;;;;;;;;;;;;;;;;;;;;;;;
Sum130;;;;;;;;;;;;;;;;;;;;;;;;;;;;;;;;;;;;;;;;;;;;;;;;;;;
Sum131;;;;;;;;;;;;;;;;;;;;;;;;;;;;;;;;;;;;;;;;;;;;;;;;;;;
Sum132;;;;;;;;;;;;;;;;;;;;;;;;;;;;;;;;;;;;;;;;;;;;;;;;;;;
Sum133;;;;;;;;;;;;;;;;;;;;;;;;;;;;;;;;;;;;;;;;;;;;;;;;;;;
Sum134;;;;;;;;;;;;;;;;;;;;;;;;;;;;;;;;;;;;;;;;;;;;;;;;;;;
Sum135;;;;;;;;;;;;;;;;;;;;;;;;;;;;;;;;;;;;;;;;;;;;;;;;;;;
Sum136;;;;;;;;;;;;;;;;;;;;;;;;;;;;;;;;;;;;;;;;;;;;;;;;;;;
Sum137;;;;;;;;;;;;;;;;;;;;;;;;;;;;;;;;;;;;;;;;;;;;;;;;;;;
Sum138;;;;;;;;;;;;;;;;;;;;;;;;;;;;;;;;;;;;;;;;;;;;;;;;;;;
Sum139;;;;;;;;;;;;;;;;;;;;;;;;;;;;;;;;;;;;;;;;;;;;;;;;;;;
Sum140;;;;;;;;;;;;;;;;;;;;;;;;;;;;;;;;;;;;;;;;;;;;;;;;;;;
Sum141;;;;;;;;;;;;;;;;;;;;;;;;;;;;;;;;;;;;;;;;;;;;;;;;;;;
Sum142;;;;;;;;;;;;;;;;;;;;;;;;;;;;;;;;;;;;;;;;;;;;;;;;;;;
Sum143;;;;;;;;;;;;;;;;;;;;;;;;;;;;;;;;;;;;;;;;;;;;;;;;;;;
Sum144;;;;;;;;;;;;;;;;;;;;;;;;;;;;;;;;;;;;;;;;;;;;;;;;;;;
Sum145;;;;;;;;;;;;;;;;;;;;;;;;;;;;;;;;;;;;;;;;;;;;;;;;;;;
Sum146;;;;;;;;;;;;;;;;;;;;;;;;;;;;;;;;;;;;;;;;;;;;;;;;;;;
Sum147;;;;;;;;;;;;;;;;;;;;;;;;;;;;;;;;;;;;;;;;;;;;;;;;;;;
Sum148;;;;;;;;;;;;;;;;;;;;;;;;;;;;;;;;;;;;;;;;;;;;;;;;;;;
Sum149;;;;;;;;;;;;;;;;;;;;;;;;;;;;;;;;;;;;;;;;;;;;;;;;;;;
Sum150;;;;;;;;;;;;;;;;;;;;;;;;;;;;;;;;;;;;;;;;;;;;;;;;;;;
Sum151;;;;;;;;;;;;;;;;;;;;;;;;;;;;;;;;;;;;;;;;;;;;;;;;;;;
Sum152;;;;;;;;;;;;;;;;;;;;;;;;;;;;;;;;;;;;;;;;;;;;;;;;;;;
Sum153;;;;;;;;;;;;;;;;;;;;;;;;;;;;;;;;;;;;;;;;;;;;;;;;;;;
Sum154;;;;;;;;;;;;;;;;;;;;;;;;;;;;;;;;;;;;;;;;;;;;;;;;;;;
Sum155;;;;;;;;;;;;;;;;;;;;;;;;;;;;;;;;;;;;;;;;;;;;;;;;;;;
Sum156;;;;;;;;;;;;;;;;;;;;;;;;;;;;;;;;;;;;;;;;;;;;;;;;;;;
Sum157;;;;;;;;;;;;;;;;;;;;;;;;;;;;;;;;;;;;;;;;;;;;;;;;;;;
Sum158;;;;;;;;;;;;;;;;;;;;;;;;;;;;;;;;;;;;;;;;;;;;;;;;;;;
Sum159;;;;;;;;;;;;;;;;;;;;;;;;;;;;;;;;;;;;;;;;;;;;;;;;;;;
Sum160;;;;;;;;;;;;;;;;;;;;;;;;;;;;;;;;;;;;;;;;;;;;;;;;;;;
Sum161;;;;;;;;;;;;;;;;;;;;;;;;;;;;;;;;;;;;;;;;;;;;;;;;;;;
Sum162;;;;;;;;;;;;;;;;;;;;;;;;;;;;;;;;;;;;;;;;;;;;;;;;;;;
Sum163;;;;;;;;;;;;;;;;;;;;;;;;;;;;;;;;;;;;;;;;;;;;;;;;;;;
Sum164;;;;;;;;;;;;;;;;;;;;;;;;;;;;;;;;;;;;;;;;;;;;;;;;;;;
Sum165;;;;;;;;;;;;;;;;;;;;;;;;;;;;;;;;;;;;;;;;;;;;;;;;;;;
Sum166;;;;;;;;;;;;;;;;;;;;;;;;;;;;;;;;;;;;;;;;;;;;;;;;;;;
Sum167;;;;;;;;;;;;;;;;;;;;;;;;;;;;;;;;;;;;;;;;;;;;;;;;;;;
Sum168;;;;;;;;;;;;;;;;;;;;;;;;;;;;;;;;;;;;;;;;;;;;;;;;;;;
Sum169;;;;;;;;;;;;;;;;;;;;;;;;;;;;;;;;;;;;;;;;;;;;;;;;;;;
Sum170;;;;;;;;;;;;;;;;;;;;;;;;;;;;;;;;;;;;;;;;;;;;;;;;;;;
Sum171;;;;;;;;;;;;;;;;;;;;;;;;;;;;;;;;;;;;;;;;;;;;;;;;;;;
Sum172;;;;;;;;;;;;;;;;;;;;;;;;;;;;;;;;;;;;;;;;;;;;;;;;;;;
Sum173;;;;;;;;;;;;;;;;;;;;;;;;;;;;;;;;;;;;;;;;;;;;;;;;;;;
Sum174;;;;;;;;;;;;;;;;;;;;;;;;;;;;;;;;;;;;;;;;;;;;;;;;;;;
Sum175;;;;;;;;;;;;;;;;;;;;;;;;;;;;;;;;;;;;;;;;;;;;;;;;;;;
Sum176;;;;;;;;;;;;;;;;;;;;;;;;;;;;;;;;;;;;;;;;;;;;;;;;;;;
Sum177;;;;;;;;;;;;;;;;;;;;;;;;;;;;;;;;;;;;;;;;;;;;;;;;;;;
Sum178;;;;;;;;;;;;;;;;;;;;;;;;;;;;;;;;;;;;;;;;;;;;;;;;;;;
Sum179;;;;;;;;;;;;;;;;;;;;;;;;;;;;;;;;;;;;;;;;;;;;;;;;;;;
Sum180;;;;;;;;;;;;;;;;;;;;;;;;;;;;;;;;;;;;;;;;;;;;;;;;;;;
Sum181;;;;;;;;;;;;;;;;;;;;;;;;;;;;;;;;;;;;;;;;;;;;;;;;;;;
Sum182;;;;;;;;;;;;;;;;;;;;;;;;;;;;;;;;;;;;;;;;;;;;;;;;;;;
Sum183;;;;;;;;;;;;;;;;;;;;;;;;;;;;;;;;;;;;;;;;;;;;;;;;;;;
Sum184;;;;;;;;;;;;;;;;;;;;;;;;;;;;;;;;;;;;;;;;;;;;;;;;;;;
Sum185;;;;;;;;;;;;;;;;;;;;;;;;;;;;;;;;;;;;;;;;;;;;;;;;;;;
Sum186;;;;;;;;;;;;;;;;;;;;;;;;;;;;;;;;;;;;;;;;;;;;;;;;;;;
Sum187;;;;;;;;;;;;;;;;;;;;;;;;;;;;;;;;;;;;;;;;;;;;;;;;;;;
Sum188;;;;;;;;;;;;;;;;;;;;;;;;;;;;;;;;;;;;;;;;;;;;;;;;;;;
Sum189;;;;;;;;;;;;;;;;;;;;;;;;;;;;;;;;;;;;;;;;;;;;;;;;;;;
Sum190;;;;;;;;;;;;;;;;;;;;;;;;;;;;;;;;;;;;;;;;;;;;;;;;;;;
Sum191;;;;;;;;;;;;;;;;;;;;;;;;;;;;;;;;;;;;;;;;;;;;;;;;;;;
Sum192;;;;;;;;;;;;;;;;;;;;;;;;;;;;;;;;;;;;;;;;;;;;;;;;;;;
Sum193;;;;;;;;;;;;;;;;;;;;;;;;;;;;;;;;;;;;;;;;;;;;;;;;;;;
Sum194;;;;;;;;;;;;;;;;;;;;;;;;;;;;;;;;;;;;;;;;;;;;;;;;;;;
Sum195;;;;;;;;;;;;;;;;;;;;;;;;;;;;;;;;;;;;;;;;;;;;;;;;;;;
Sum196;;;;;;;;;;;;;;;;;;;;;;;;;;;;;;;;;;;;;;;;;;;;;;;;;;;
Sum197;;;;;;;;;;;;;;;;;;;;;;;;;;;;;;;;;;;;;;;;;;;;;;;;;;;
Sum198;;;;;;;;;;;;;;;;;;;;;;;;;;;;;;;;;;;;;;;;;;;;;;;;;;;
Sum199;;;;;;;;;;;;;;;;;;;;;;;;;;;;;;;;;;;;;;;;;;;;;;;;;;;
Sum200;;;;;;;;;;;;;;;;;;;;;;;;;;;;;;;;;;;;;;;;;;;;;;;;;;;
Sum201;;;;;;;;;;;;;;;;;;;;;;;;;;;;;;;;;;;;;;;;;;;;;;;;;;;
Sum202;;;;;;;;;;;;;;;;;;;;;;;;;;;;;;;;;;;;;;;;;;;;;;;;;;;
Sum203;;;;;;;;;;;;;;;;;;;;;;;;;;;;;;;;;;;;;;;;;;;;;;;;;;;
Sum204;;;;;;;;;;;;;;;;;;;;;;;;;;;;;;;;;;;;;;;;;;;;;;;;;;;
Sum205;;;;;;;;;;;;;;;;;;;;;;;;;;;;;;;;;;;;;;;;;;;;;;;;;;;
Sum206;;;;;;;;;;;;;;;;;;;;;;;;;;;;;;;;;;;;;;;;;;;;;;;;;;;
Sum207;;;;;;;;;;;;;;;;;;;;;;;;;;;;;;;;;;;;;;;;;;;;;;;;;;;
Sum208;;;;;;;;;;;;;;;;;;;;;;;;;;;;;;;;;;;;;;;;;;;;;;;;;;;
Sum209;;;;;;;;;;;;;;;;;;;;;;;;;;;;;;;;;;;;;;;;;;;;;;;;;;;
Sum210;;;;;;;;;;;;;;;;;;;;;;;;;;;;;;;;;;;;;;;;;;;;;;;;;;;
Sum211;;;;;;;;;;;;;;;;;;;;;;;;;;;;;;;;;;;;;;;;;;;;;;;;;;;
Sum212;;;;;;;;;;;;;;;;;;;;;;;;;;;;;;;;;;;;;;;;;;;;;;;;;;;
Sum213;;;;;;;;;;;;;;;;;;;;;;;;;;;;;;;;;;;;;;;;;;;;;;;;;;;
Sum214;;;;;;;;;;;;;;;;;;;;;;;;;;;;;;;;;;;;;;;;;;;;;;;;;;;
Sum215;;;;;;;;;;;;;;;;;;;;;;;;;;;;;;;;;;;;;;;;;;;;;;;;;;;
Sum216;;;;;;;;;;;;;;;;;;;;;;;;;;;;;;;;;;;;;;;;;;;;;;;;;;;
Sum217;;;;;;;;;;;;;;;;;;;;;;;;;;;;;;;;;;;;;;;;;;;;;;;;;;;
Sum218;;;;;;;;;;;;;;;;;;;;;;;;;;;;;;;;;;;;;;;;;;;;;;;;;;;
Sum219;;;;;;;;;;;;;;;;;;;;;;;;;;;;;;;;;;;;;;;;;;;;;;;;;;;
Sum220;;;;;;;;;;;;;;;;;;;;;;;;;;;;;;;;;;;;;;;;;;;;;;;;;;;
Sum221;;;;;;;;;;;;;;;;;;;;;;;;;;;;;;;;;;;;;;;;;;;;;;;;;;;
Sum222;;;;;;;;;;;;;;;;;;;;;;;;;;;;;;;;;;;;;;;;;;;;;;;;;;;
Sum223;;;;;;;;;;;;;;;;;;;;;;;;;;;;;;;;;;;;;;;;;;;;;;;;;;;
Sum224;;;;;;;;;;;;;;;;;;;;;;;;;;;;;;;;;;;;;;;;;;;;;;;;;;;
Sum225;;;;;;;;;;;;;;;;;;;;;;;;;;;;;;;;;;;;;;;;;;;;;;;;;;;
Sum226;;;;;;;;;;;;;;;;;;;;;;;;;;;;;;;;;;;;;;;;;;;;;;;;;;;
Sum227;;;;;;;;;;;;;;;;;;;;;;;;;;;;;;;;;;;;;;;;;;;;;;;;;;;
Sum228;;;;;;;;;;;;;;;;;;;;;;;;;;;;;;;;;;;;;;;;;;;;;;;;;;;
Sum229;;;;;;;;;;;;;;;;;;;;;;;;;;;;;;;;;;;;;;;;;;;;;;;;;;;
Sum230;;;;;;;;;;;;;;;;;;;;;;;;;;;;;;;;;;;;;;;;;;;;;;;;;;;
Sum231;;;;;;;;;;;;;;;;;;;;;;;;;;;;;;;;;;;;;;;;;;;;;;;;;;;
Sum232;;;;;;;;;;;;;;;;;;;;;;;;;;;;;;;;;;;;;;;;;;;;;;;;;;;
Sum233;;;;;;;;;;;;;;;;;;;;;;;;;;;;;;;;;;;;;;;;;;;;;;;;;;;
Sum234;;;;;;;;;;;;;;;;;;;;;;;;;;;;;;;;;;;;;;;;;;;;;;;;;;;
Sum235;;;;;;;;;;;;;;;;;;;;;;;;;;;;;;;;;;;;;;;;;;;;;;;;;;;
Sum236;;;;;;;;;;;;;;;;;;;;;;;;;;;;;;;;;;;;;;;;;;;;;;;;;;;
Sum237;;;;;;;;;;;;;;;;;;;;;;;;;;;;;;;;;;;;;;;;;;;;;;;;;;;
Sum238;;;;;;;;;;;;;;;;;;;;;;;;;;;;;;;;;;;;;;;;;;;;;;;;;;;
Sum239;;;;;;;;;;;;;;;;;;;;;;;;;;;;;;;;;;;;;;;;;;;;;;;;;;;
Sum240;;;;;;;;;;;;;;;;;;;;;;;;;;;;;;;;;;;;;;;;;;;;;;;;;;;
Sum241;;;;;;;;;;;;;;;;;;;;;;;;;;;;;;;;;;;;;;;;;;;;;;;;;;;
Sum242;;;;;;;;;;;;;;;;;;;;;;;;;;;;;;;;;;;;;;;;;;;;;;;;;;;
Sum243;;;;;;;;;;;;;;;;;;;;;;;;;;;;;;;;;;;;;;;;;;;;;;;;;;;
Sum244;;;;;;;;;;;;;;;;;;;;;;;;;;;;;;;;;;;;;;;;;;;;;;;;;;;
Sum245;;;;;;;;;;;;;;;;;;;;;;;;;;;;;;;;;;;;;;;;;;;;;;;;;;;
Sum246;;;;;;;;;;;;;;;;;;;;;;;;;;;;;;;;;;;;;;;;;;;;;;;;;;;
Sum247;;;;;;;;;;;;;;;;;;;;;;;;;;;;;;;;;;;;;;;;;;;;;;;;;;;
Sum248;;;;;;;;;;;;;;;;;;;;;;;;;;;;;;;;;;;;;;;;;;;;;;;;;;;
Sum249;;;;;;;;;;;;;;;;;;;;;;;;;;;;;;;;;;;;;;;;;;;;;;;;;;;
Sum250;;;;;;;;;;;;;;;;;;;;;;;;;;;;;;;;;;;;;;;;;;;;;;;;;;;
Sum251;;;;;;;;;;;;;;;;;;;;;;;;;;;;;;;;;;;;;;;;;;;;;;;;;;;
Sum252;;;;;;;;;;;;;;;;;;;;;;;;;;;;;;;;;;;;;;;;;;;;;;;;;;;
Sum253;;;;;;;;;;;;;;;;;;;;;;;;;;;;;;;;;;;;;;;;;;;;;;;;;;;
Sum254;;;;;;;;;;;;;;;;;;;;;;;;;;;;;;;;;;;;;;;;;;;;;;;;;;;
Sum255;;;;;;;;;;;;;;;;;;;;;;;;;;;;;;;;;;;;;;;;;;;;;;;;;;;
Sum256;;;;;;;;;;;;;;;;;;;;;;;;;;;;;;;;;;;;;;;;;;;;;;;;;;;
Sum257;;;;;;;;;;;;;;;;;;;;;;;;;;;;;;;;;;;;;;;;;;;;;;;;;;;
Sum258;;;;;;;;;;;;;;;;;;;;;;;;;;;;;;;;;;;;;;;;;;;;;;;;;;;
Sum259;;;;;;;;;;;;;;;;;;;;;;;;;;;;;;;;;;;;;;;;;;;;;;;;;;;
Sum260;;;;;;;;;;;;;;;;;;;;;;;;;;;;;;;;;;;;;;;;;;;;;;;;;;;
Sum261;;;;;;;;;;;;;;;;;;;;;;;;;;;;;;;;;;;;;;;;;;;;;;;;;;;
Sum262;;;;;;;;;;;;;;;;;;;;;;;;;;;;;;;;;;;;;;;;;;;;;;;;;;;
Sum263;;;;;;;;;;;;;;;;;;;;;;;;;;;;;;;;;;;;;;;;;;;;;;;;;;;
Sum264;;;;;;;;;;;;;;;;;;;;;;;;;;;;;;;;;;;;;;;;;;;;;;;;;;;
Sum265;;;;;;;;;;;;;;;;;;;;;;;;;;;;;;;;;;;;;;;;;;;;;;;;;;;
Sum266;;;;;;;;;;;;;;;;;;;;;;;;;;;;;;;;;;;;;;;;;;;;;;;;;;;
Sum267;;;;;;;;;;;;;;;;;;;;;;;;;;;;;;;;;;;;;;;;;;;;;;;;;;;
Sum268;;;;;;;;;;;;;;;;;;;;;;;;;;;;;;;;;;;;;;;;;;;;;;;;;;;
Sum269;;;;;;;;;;;;;;;;;;;;;;;;;;;;;;;;;;;;;;;;;;;;;;;;;;;
Sum270;;;;;;;;;;;;;;;;;;;;;;;;;;;;;;;;;;;;;;;;;;;;;;;;;;;
Sum271;;;;;;;;;;;;;;;;;;;;;;;;;;;;;;;;;;;;;;;;;;;;;;;;;;;
Sum272;;;;;;;;;;;;;;;;;;;;;;;;;;;;;;;;;;;;;;;;;;;;;;;;;;;
Sum273;;;;;;;;;;;;;;;;;;;;;;;;;;;;;;;;;;;;;;;;;;;;;;;;;;;
Sum274;;;;;;;;;;;;;;;;;;;;;;;;;;;;;;;;;;;;;;;;;;;;;;;;;;;
Sum275;;;;;;;;;;;;;;;;;;;;;;;;;;;;;;;;;;;;;;;;;;;;;;;;;;;
Sum276;;;;;;;;;;;;;;;;;;;;;;;;;;;;;;;;;;;;;;;;;;;;;;;;;;;
Sum277;;;;;;;;;;;;;;;;;;;;;;;;;;;;;;;;;;;;;;;;;;;;;;;;;;;
Sum278;;;;;;;;;;;;;;;;;;;;;;;;;;;;;;;;;;;;;;;;;;;;;;;;;;;
Sum279;;;;;;;;;;;;;;;;;;;;;;;;;;;;;;;;;;;;;;;;;;;;;;;;;;;
Sum280;;;;;;;;;;;;;;;;;;;;;;;;;;;;;;;;;;;;;;;;;;;;;;;;;;;
Sum281;;;;;;;;;;;;;;;;;;;;;;;;;;;;;;;;;;;;;;;;;;;;;;;;;;;
Sum282;;;;;;;;;;;;;;;;;;;;;;;;;;;;;;;;;;;;;;;;;;;;;;;;;;;
Sum283;;;;;;;;;;;;;;;;;;;;;;;;;;;;;;;;;;;;;;;;;;;;;;;;;;;
Sum284;;;;;;;;;;;;;;;;;;;;;;;;;;;;;;;;;;;;;;;;;;;;;;;;;;;
Sum285;;;;;;;;;;;;;;;;;;;;;;;;;;;;;;;;;;;;;;;;;;;;;;;;;;;
Sum286;;;;;;;;;;;;;;;;;;;;;;;;;;;;;;;;;;;;;;;;;;;;;;;;;;;
Sum287;;;;;;;;;;;;;;;;;;;;;;;;;;;;;;;;;;;;;;;;;;;;;;;;;;;
Sum288;;;;;;;;;;;;;;;;;;;;;;;;;;;;;;;;;;;;;;;;;;;;;;;;;;;
Sum289;;;;;;;;;;;;;;;;;;;;;;;;;;;;;;;;;;;;;;;;;;;;;;;;;;;
Sum290;;;;;;;;;;;;;;;;;;;;;;;;;;;;;;;;;;;;;;;;;;;;;;;;;;;
Sum291;;;;;;;;;;;;;;;;;;;;;;;;;;;;;;;;;;;;;;;;;;;;;;;;;;;
Sum292;;;;;;;;;;;;;;;;;;;;;;;;;;;;;;;;;;;;;;;;;;;;;;;;;;;
Sum293;;;;;;;;;;;;;;;;;;;;;;;;;;;;;;;;;;;;;;;;;;;;;;;;;;;
Sum294;;;;;;;;;;;;;;;;;;;;;;;;;;;;;;;;;;;;;;;;;;;;;;;;;;;
Sum295;;;;;;;;;;;;;;;;;;;;;;;;;;;;;;;;;;;;;;;;;;;;;;;;;;;
Sum296;;;;;;;;;;;;;;;;;;;;;;;;;;;;;;;;;;;;;;;;;;;;;;;;;;;
Sum297;;;;;;;;;;;;;;;;;;;;;;;;;;;;;;;;;;;;;;;;;;;;;;;;;;;
Sum298;;;;;;;;;;;;;;;;;;;;;;;;;;;;;;;;;;;;;;;;;;;;;;;;;;;
Sum299;;;;;;;;;;;;;;;;;;;;;;;;;;;;;;;;;;;;;;;;;;;;;;;;;;;
Sum300;;;;;;;;;;;;;;;;;;;;;;;;;;;;;;;;;;;;;;;;;;;;;;;;;;;
Sum301;;;;;;;;;;;;;;;;;;;;;;;;;;;;;;;;;;;;;;;;;;;;;;;;;;;
Sum302;;;;;;;;;;;;;;;;;;;;;;;;;;;;;;;;;;;;;;;;;;;;;;;;;;;
Sum303;;;;;;;;;;;;;;;;;;;;;;;;;;;;;;;;;;;;;;;;;;;;;;;;;;;
Sum304;;;;;;;;;;;;;;;;;;;;;;;;;;;;;;;;;;;;;;;;;;;;;;;;;;;
Sum305;;;;;;;;;;;;;;;;;;;;;;;;;;;;;;;;;;;;;;;;;;;;;;;;;;;
Sum306;;;;;;;;;;;;;;;;;;;;;;;;;;;;;;;;;;;;;;;;;;;;;;;;;;;
Sum307;;;;;;;;;;;;;;;;;;;;;;;;;;;;;;;;;;;;;;;;;;;;;;;;;;;
Sum308;;;;;;;;;;;;;;;;;;;;;;;;;;;;;;;;;;;;;;;;;;;;;;;;;;;
Sum309;;;;;;;;;;;;;;;;;;;;;;;;;;;;;;;;;;;;;;;;;;;;;;;;;;;
Sum310;;;;;;;;;;;;;;;;;;;;;;;;;;;;;;;;;;;;;;;;;;;;;;;;;;;
Sum311;;;;;;;;;;;;;;;;;;;;;;;;;;;;;;;;;;;;;;;;;;;;;;;;;;;
Sum312;;;;;;;;;;;;;;;;;;;;;;;;;;;;;;;;;;;;;;;;;;;;;;;;;;;
Sum313;;;;;;;;;;;;;;;;;;;;;;;;;;;;;;;;;;;;;;;;;;;;;;;;;;;
Sum314;;;;;;;;;;;;;;;;;;;;;;;;;;;;;;;;;;;;;;;;;;;;;;;;;;;
Sum315;;;;;;;;;;;;;;;;;;;;;;;;;;;;;;;;;;;;;;;;;;;;;;;;;;;
Sum316;;;;;;;;;;;;;;;;;;;;;;;;;;;;;;;;;;;;;;;;;;;;;;;;;;;
Sum317;;;;;;;;;;;;;;;;;;;;;;;;;;;;;;;;;;;;;;;;;;;;;;;;;;;
Sum318;;;;;;;;;;;;;;;;;;;;;;;;;;;;;;;;;;;;;;;;;;;;;;;;;;;
Sum319;;;;;;;;;;;;;;;;;;;;;;;;;;;;;;;;;;;;;;;;;;;;;;;;;;;
Sum320;;;;;;;;;;;;;;;;;;;;;;;;;;;;;;;;;;;;;;;;;;;;;;;;;;;
Sum321;;;;;;;;;;;;;;;;;;;;;;;;;;;;;;;;;;;;;;;;;;;;;;;;;;;
Sum322;;;;;;;;;;;;;;;;;;;;;;;;;;;;;;;;;;;;;;;;;;;;;;;;;;;
Sum323;;;;;;;;;;;;;;;;;;;;;;;;;;;;;;;;;;;;;;;;;;;;;;;;;;;
Sum324;;;;;;;;;;;;;;;;;;;;;;;;;;;;;;;;;;;;;;;;;;;;;;;;;;;
Sum325;;;;;;;;;;;;;;;;;;;;;;;;;;;;;;;;;;;;;;;;;;;;;;;;;;;
Sum326;;;;;;;;;;;;;;;;;;;;;;;;;;;;;;;;;;;;;;;;;;;;;;;;;;;
Sum327;;;;;;;;;;;;;;;;;;;;;;;;;;;;;;;;;;;;;;;;;;;;;;;;;;;
Sum328;;;;;;;;;;;;;;;;;;;;;;;;;;;;;;;;;;;;;;;;;;;;;;;;;;;
Sum329;;;;;;;;;;;;;;;;;;;;;;;;;;;;;;;;;;;;;;;;;;;;;;;;;;;
Sum330;;;;;;;;;;;;;;;;;;;;;;;;;;;;;;;;;;;;;;;;;;;;;;;;;;;
Sum331;;;;;;;;;;;;;;;;;;;;;;;;;;;;;;;;;;;;;;;;;;;;;;;;;;;
Sum332;;;;;;;;;;;;;;;;;;;;;;;;;;;;;;;;;;;;;;;;;;;;;;;;;;;
Sum333;;;;;;;;;;;;;;;;;;;;;;;;;;;;;;;;;;;;;;;;;;;;;;;;;;;
Sum334;;;;;;;;;;;;;;;;;;;;;;;;;;;;;;;;;;;;;;;;;;;;;;;;;;;
Sum335;;;;;;;;;;;;;;;;;;;;;;;;;;;;;;;;;;;;;;;;;;;;;;;;;;;
Sum336;;;;;;;;;;;;;;;;;;;;;;;;;;;;;;;;;;;;;;;;;;;;;;;;;;;
Sum337;;;;;;;;;;;;;;;;;;;;;;;;;;;;;;;;;;;;;;;;;;;;;;;;;;;
Sum338;;;;;;;;;;;;;;;;;;;;;;;;;;;;;;;;;;;;;;;;;;;;;;;;;;;
Sum339;;;;;;;;;;;;;;;;;;;;;;;;;;;;;;;;;;;;;;;;;;;;;;;;;;;
Sum340;;;;;;;;;;;;;;;;;;;;;;;;;;;;;;;;;;;;;;;;;;;;;;;;;;;
Sum341;;;;;;;;;;;;;;;;;;;;;;;;;;;;;;;;;;;;;;;;;;;;;;;;;;;
Sum342;;;;;;;;;;;;;;;;;;;;;;;;;;;;;;;;;;;;;;;;;;;;;;;;;;;
Sum343;;;;;;;;;;;;;;;;;;;;;;;;;;;;;;;;;;;;;;;;;;;;;;;;;;;
Sum344;;;;;;;;;;;;;;;;;;;;;;;;;;;;;;;;;;;;;;;;;;;;;;;;;;;
Sum345;;;;;;;;;;;;;;;;;;;;;;;;;;;;;;;;;;;;;;;;;;;;;;;;;;;
Sum346;;;;;;;;;;;;;;;;;;;;;;;;;;;;;;;;;;;;;;;;;;;;;;;;;;;
Sum347;;;;;;;;;;;;;;;;;;;;;;;;;;;;;;;;;;;;;;;;;;;;;;;;;;;
Sum348;;;;;;;;;;;;;;;;;;;;;;;;;;;;;;;;;;;;;;;;;;;;;;;;;;;
Sum349;;;;;;;;;;;;;;;;;;;;;;;;;;;;;;;;;;;;;;;;;;;;;;;;;;;
Sum350;;;;;;;;;;;;;;;;;;;;;;;;;;;;;;;;;;;;;;;;;;;;;;;;;;;
Sum351;;;;;;;;;;;;;;;;;;;;;;;;;;;;;;;;;;;;;;;;;;;;;;;;;;;
