Scenario;peakrank00001;peakrank00002;peakrank00003;peakrank00004;peakrank00005;peakrank00006;peakrank00007;peakrank00008;peakrank00009;peakrank00010;peakrank00011;peakrank00012;peakrank00013;peakrank00014;peakrank00015;peakrank00018;peakrank00020;peakrank00025;peakrank00031;peakrank00034;peakrank00038;peakrank00046;peakrank00050;peakrank00060;peakrank00070;peakrank00080;peakrank00090;peakrank00100;peakrank00150;peakrank00200;peakrank00250;peakrank00300;peakrank00350;peakrank00400;peakrank00450;peakrank00500;peakrank00550;peakrank00600;peakrank00650;peakrank00700;peakrank00750;peakrank00800;peakrank00850;peakrank00900;peakrank00940;peakrank01000;prcP05_peakrank00001;prcP10_peakrank00001;prcP15_peakrank00001;prcP20_peakrank00001
Sum0;694,9616699;637,2789307;615,7519531;602,0614014;592,4417114;591,2494507;592,5067139;596,8544922;582,1477051;583,7232056;576,3479614;576,4121704;574,637207;576,786377;574,0490723;567,6574707;563,7243652;559,2020264;545,2664185;555,493042;547,1454468;546,2113037;539,961731;533,4958496;528,1539917;516,5040283;518,6705933;513,3030396;481,4043884;476,4060974;487,4710388;461,672821;437,248291;459,8506775;448,1192627;435,1260681;433,7265015;440,7549438;438,855072;410,231781;432,3431091;428,9095764;419,3337708;417,601593;394,5534058;398,2247009;730,8059692;772,1380615;809,0786743;846,5510864
Sum1;682,0600586;628,1640625;608,352417;595,2561646;586,6278076;586,6750488;585,7290649;586,8731079;584,5044556;574,546875;571,3721313;576,6161499;571,9050293;573,4334717;571,5614014;569,0170288;562,5114746;556,6171875;541,9067993;553,6551514;545,6567383;544,7532349;538,416687;531,3018188;526,6081543;515,6419678;516,8872681;511,6758118;480,4309387;475,4205017;485,1854858;450,7540588;436,1812744;458,0001526;446,8229675;433,693512;432,7270508;438,9404602;437,4282837;409,9386597;430,0748291;428,2401428;417,7756958;416,6720886;379,1233215;397,4020996;731,6672363;762,4854126;797,8452759;842,0290527
Sum2;682,1422729;628,9978027;606,8703003;595,555603;587,2605591;584,2434692;587,8128662;592,9321289;581,8355713;579,0905762;570,5253906;574,5658569;568,7402344;567,7857056;568,4891968;566,3161621;557,8286133;552,7793579;550,3971558;549,3939819;539,9943237;540,1518555;534,0612793;526,3581543;521,4245605;510,0854187;511,2456055;506,3685913;477,3473816;472,827179;481,1164856;461,2044067;433,8306274;455,9878845;445,5163269;428,1071777;431,2579346;435,9570313;435,9118347;408,4356995;427,3839111;426,2256775;418,1359253;415,0457153;393,0536194;394,6063538;722,928833;757,3783569;787,2716675;814,2772217
Sum3;708,3045654;643,4863892;617,9842529;604,4238281;594,5479126;593,3317871;594,6872559;599,072876;582,9276733;585,9781494;576,6496582;577,5830688;575,7849731;578,5914307;574,7582397;570,1118774;565,2073364;560,930481;553,6428833;557,2341919;549,7288208;548,4196777;542,2470093;536,3444824;531,2231445;519,4273682;521,2064819;516,1549072;482,7606812;478,6562195;490,1066895;467,6387024;437,6615295;459,762146;447,728241;436,5850525;433,3023071;441,1156616;438,6645203;409,7849121;432,2614746;428,8056335;422,2277527;417,0470276;400,42099;398,505188;743,2846069;767,0438232;800,5765381;836,8224487
Sum4;729,4824219;664,7736206;639,9645996;624,6727295;612,1635132;611,9680786;612,5723877;616,6887207;601,2145996;600,0596924;591,2935181;594,1646729;586,3460083;596,118042;584,465271;583,940918;580,6480103;576,2312622;554,4156494;565,6633911;565,9204102;563,8793335;556,8924561;549,8149414;545,4326172;532,8738403;535,4419556;529,6888428;491,9586487;486,162262;501,911499;469,2163086;445,3303223;469,4692993;454,1034546;450,1793823;440,240509;451,8482056;445,775238;414,0198975;441,361969;436,2017822;425,7080688;423,8307495;400,1990051;405,3903198;768,7653809;807,3724976;843,0696411;882,4656372
Sum5;672,9489136;618,2700195;599,8688354;587,3496094;579,4262695;575,3791504;579,1436157;584,5042114;573,7507324;569,8607788;562,4281006;565,8624268;560,7316895;558,1801147;560,4528809;558,104248;550,0247803;544,8574829;542,2290039;541,5872192;531,8139648;532,109375;526,0743408;520,0507813;516,421814;503,2178345;505,091095;500,6408997;475,0073853;469,2316284;476,1953125;459,4992676;431,7218018;452,9583435;443,4024963;423,9795532;429,1864929;432,5542908;433,5328674;407,0264893;424,4513855;424,0673828;412,0632629;413,1669617;392,1845398;392,3826294;699,5700073;727,5967407;756,2861938;786,9820557
Sum6;693,6083984;639,4555054;620,0046387;606,4110107;596,5302734;595,8592529;596,6948853;598,9248047;587,1282959;585,7347412;580,4935913;580,6782837;572,588562;580,7210083;577,8516846;571,5147095;567,6917725;562,6699219;546,0963135;559,1739502;551,0802002;549,8186035;543,3446655;536,4658203;531,8984985;520,2373047;522,0678101;516,5562744;483,5899048;478,7297363;489,8103638;459,9142151;439,0747681;462,1268311;450,145813;437,9367371;436,1055298;443,6165161;440,7545776;411,6800842;434,2557678;431,2028809;419,0697937;419,5050049;389,8755493;400,0849915;729,5419312;766,0515137;812,6450195;851,5230103
Sum7;683,7317505;631,2045898;611,3494263;597,0253296;588,1685181;585,4849854;587,8101807;591,2277832;576,7073975;577,9379883;571,7333374;570,6830444;569,2305298;570,1912842;568,4893799;562,5332031;558,7560425;553,5490723;543,487915;550,2696533;542,0473633;541,2106323;535,0098267;528,5640869;524,0211182;512,7949219;514,0686035;508,8891907;479,2511597;473,6313782;483,2684326;459,914093;435,2989502;456,1022034;445,0805969;431,9535828;431,5892334;437,8594971;436,416748;408,9102173;428,8143311;426,7887573;416,6341248;415,2471924;391,9979553;396,288208;721,7636719;754,902771;799,6193848;838,1998291
Sum8;689,0853882;627,9242554;605,8726807;593,3046875;585,2391357;583,4180908;584,8566284;590,7053833;580,4959717;577,4857788;568,7304688;573,8789063;568,3999634;569,2007446;567,6395264;566,4864502;557,6360474;553,1244507;547,590332;548,7883911;539,8812256;539,6403198;533,8306885;527,8876953;522,0844116;511,2345276;512,7192383;507,7181091;477,1665039;472,4425354;481,5064087;457,5054321;433,4187012;454,6420898;443,8000183;428,9957581;429,5492859;435,2995605;434,4790039;407,7561035;426,5960999;424,8329773;411,2568359;413,9003601;390,3457642;394,4009705;731,753479;763,9570313;792,3391724;819,6795044
Sum9;700,0673828;638,7952271;616,0196533;602,7401733;593,4713135;592,0499268;593,6834717;598,4445801;582,6611938;585,5283813;576,4544678;576,4342651;575,5355225;577,3581543;574,5970459;568,0426636;564,4082031;559,7902222;549,2298584;556,4058228;548,7059937;547,4158936;541,3810425;535,0559692;530,6696167;518,3648071;520,2521973;515,3369141;482,3203125;478,5886841;489,0757446;462,9311829;438,0851135;461,4193726;449,6639099;435,4241028;435,3278503;442,1321716;440,3792419;411,0626221;433,2157288;430,3547363;418,0594177;418,6302185;395,2891846;398,7964478;739,5657959;765,9121704;797,81073;830,3294678
Sum10;738,9807129;671,298584;642,1029663;629,9255981;618,9631958;619,9042969;619,9745483;625,7409058;607,3260498;610,536499;597,8425903;600,7196655;593,2438965;603,2183838;591,0152588;591,3470459;587,1662598;583,0462646;566,3601685;572,1502686;572,1470947;569,6604004;562,831604;554,878479;542,3317261;537,6890259;539,9963989;534,6491089;493,5769043;489,4422607;505,9741821;475,29776;446,8623962;471,7049255;457,2666626;451,6503296;442,4150696;453,8346863;448,0463867;415,0393372;444,4925537;437,8604126;432,8074951;425,593811;405,2752991;406,9775085;778,4328003;806,2802124;838,3218384;867,8406982
Sum11;713,0163574;653,0828857;627,4346924;615,6755371;605,899231;606,1714478;606,8692017;612,1464233;595,9235229;598,937439;588,2761841;589,7796021;581,3751221;591,2206421;586,1785278;579,5518188;575,961792;572,0301514;556,8898926;567,7774658;559,2969971;558,0374146;551,5106812;544,0245972;538,6092529;526,9224854;528,9951782;523,7932739;488,3760071;485,6524353;497,960907;469,5750427;443,0179138;468,7695618;455,8741455;443,1997681;440,5826416;449,1106567;446,0584412;413,6260071;439,639679;435,3674011;428,9315796;423,249115;397,6174316;402,9172363;753,1328125;780,8167725;803,3457642;820,6871338
Sum12;721,8902588;656,1340942;627,4523926;614,9695435;603,9275513;604,6325684;605,3347778;609,7240601;593,1691284;596,4511108;584,9690552;587,5704956;579,9614868;589,9016724;583,8607788;580,0318604;574,9220581;571,2603149;555,0252075;567,2935791;560,2238159;558,5349731;552,2295532;545,536438;540,0061035;527,5977173;530,1793213;524,8289795;487,760437;483,8574524;497,6141052;466,2542114;441,8516235;465,0811768;451,8424377;443,4732056;436,9937744;446,637085;442,789917;411,990509;438,3382568;432,6359558;422,1410828;420,7108765;398,3521118;402,2828979;763,5108032;796,6104736;824,5357666;853,086731
Sum13;693,531311;638,8585815;616,8022461;606,0588379;597,328186;594,8861084;598,3095093;602,87323;585,6358032;588,835022;580,7989502;579,2384033;578,0325928;577,9159546;577,0580444;569,6311646;566,7849731;561,4740601;556,5935669;558,3591919;549,3619995;548,7270508;542,1972046;533,302063;529,3386841;517,8637085;518,866333;514,0566406;483,0805054;479,3022461;489,1653137;468,6803894;438,6315613;462,9458618;451,5857544;434,4082642;436,8903809;442,5150757;441,7530212;411,8791199;433,4193726;431,5969543;427,618103;419,6900635;398,392334;398,5691833;731,9954224;767,3604126;800,6767578;827,2211914
Sum14;694,9696655;633,9975586;608,7192993;597,0473022;589,09552;586,4467163;589,036438;594,963623;576,90802;580,7392578;572,5328979;571,5227661;570,7068481;570,7404785;569,5859985;563,5960693;560,3966675;554,6694946;555,8423462;551,2211304;543,0925293;542,2142944;536,0552368;528,8087158;524,0323486;513,8370361;514,4424438;509,4463806;478,5765686;473,9714966;483,3442383;469,3719482;434,5870667;455,453125;444,5651855;430,5830078;430,8121643;436,6321716;435,5806274;408,4627991;428,0392456;425,9567566;420,9278564;414,3843994;401,3429565;395,3902283;736,1671143;767,4067993;790,7876587;810,0541992
Sum15;719,5402832;661,3034058;630,5363159;618,1811523;607,6448364;607,1486816;608,0299072;614,1624756;596,2532959;599,552124;588,6356812;590,1921997;582,276062;591,7532349;580,6437988;581,4921875;577,1340332;572,9938965;561,6243896;569,1586304;562,0650024;560,5684814;553,9833984;544,9812622;539,472229;529,3167725;529,9424438;524,8279419;487,8725891;483,7759094;497,5697632;470,9749756;441,6598206;465,113678;451,4351501;443,4844055;437,0909119;446,8067932;442,5618591;412,0114136;437,2979736;432,703949;427,5992737;420,5863953;402,6413879;402,1980286;762,2790527;796,5735474;829,3497925;860,621582
Sum16;664,2089844;610,4942017;593,9130249;579,7157593;573,2624512;576,3243408;571,2976685;574,5911865;569,0422974;562,1700439;563,4981079;562,4105835;556,805603;555,4143677;556,7016602;554,8891602;546,3098145;541,0946655;529,0170898;536,9389038;527,5474243;527,8585205;522,2046509;516,4020386;510,6788635;500,1669312;501,3230896;496,4136353;470,9559326;464,8307495;471,906189;443,5609131;428,3112183;447,5461426;438,0099792;421,903717;424,6398621;428,6435547;428,3843079;404,3535156;420,142334;419,8314819;410,2998962;409,1759033;374,7522888;389,8881836;699,4215698;739,7282104;774,7269897;810,1906128
Sum17;690,9279175;632,5733643;610,885437;597,7718506;589,270752;587,2641602;589,3517456;593,7467041;578,5950317;580,5415039;572,9395142;571,9331055;570,8463745;570,8908691;569,8006592;563,3535156;559,7871704;554,6049194;548,6477051;551,4812622;543,1228027;542,4300537;536,2439575;530,5883179;526,2038574;513,4375;515,9463501;510,8815918;480,1479187;475,6548767;485,325531;465,4931946;436,2912903;458,9122925;447,8373108;432,1329346;433,744812;439,3034058;438,4612427;410,2575073;430,7828674;428,6594543;419,814209;417,1376343;398,9697876;396,9970703;723,2855835;755,7603149;784,0368042;823,2164917
Sum18;676,4614258;622,9966431;600,6849976;588,0848389;580,7329712;582,5808716;580,0901489;586,140686;574,880188;571,2420654;564,3830566;568,3323975;563,0949707;561,2234497;562,7642822;559,8291016;552,588623;546,9317017;549,286377;542,6101685;532,5792236;532,9568481;527,0448608;519,9136963;514,5933228;504,5592041;505,3912964;500,6356812;472,8909607;467,5465698;474,9108582;459,7290955;429,9959717;449,4547424;439,6504822;423,5934143;426,0350952;430,2824402;430,3592529;405,2480774;422,1417542;421,1617432;413,4257813;410,2164612;393,1496582;391,1370239;715,4497681;747,9735718;786,173645;815,7210083
Sum19;701,8616943;638,1432495;613,9594727;599,9542847;590,9053345;588,6852417;590,9646606;594,8465576;579,4240723;581,4833984;573,6401978;573,3235474;571,6256714;573,4329224;570,6924438;565,4434204;561,4135742;556,2771606;552,7953491;553,1563721;545,2979126;544,2295532;537,7457275;532,7675781;527,9205322;516,0455322;518,2973633;513,1740112;481,3738098;476,6584167;487,472229;471,492218;436,7334595;458,4569702;446,7545166;434,459259;432,8895264;439,8423462;437,8409424;409,7125244;430,8896179;428,1390381;422,8079224;416,3696899;404,6192932;397,5431213;736,4695435;758,2254028;785,1001587;825,5974731
Sum20;698,4955444;640,3460693;617,5913086;604,5579834;594,5302124;594,9254761;593,6046753;594,8480225;585,7391357;581,4499512;577,1539307;579,8379517;570,6176147;580,3059692;576,3135986;569,8591919;566,7050781;562,704895;544,4105835;558,5587769;550,7724609;549,6245728;543,1660156;537,0222778;531,3705444;519,9234009;521,6434937;516,1918335;482,4733887;478,1514282;489,3327332;454,2857666;438,0598145;459,5747986;446,9009399;438,5646667;433,0626526;441,5642395;438,3564758;409,6799622;432,4906311;429,1506958;412,8269043;417,3998718;383,7364502;398,8274536;737,5236206;789,5270996;822,0184326;853,3766479
Sum21;685,0094604;626,7950439;606,2367554;592,8007813;584,5351563;582,2817383;584,2687988;588,7556763;579,6173096;575,8933105;568,6503906;572,2890015;566,94104;567,0632935;566,2487793;558,7310181;556,0707397;551,140686;543,3200073;547,9317627;538,956543;538,5646973;532,5394287;525,9862671;522,0179443;509,9251709;511,3143921;506,2466125;477,7813721;472,6690674;481,6679993;459,624939;433,9574585;455,5190735;444,7510681;429,2507629;430,7354736;436,110199;435,3143616;408,4187622;427,1947021;425,664856;413,4478149;414,5926208;393,1144714;395,1625671;717,918396;753,0328369;790,8864136;825,8666382
Sum22;698,1686401;641,6885986;617,3997803;606,2530518;596,9689331;595,2109375;597,3709717;603,2459717;585,8195801;588,8962402;580,7603149;580,1150513;572,6251221;579,8608398;577,7133179;571,2868042;567,8547974;562,4597168;556,0280762;558,960022;550,8469238;549,6705322;543,3948364;535,6431885;531,2138062;520,3833618;521,3717041;516,2802124;482,5749817;478,474884;489,3963013;468,1904602;438,1585999;461,1809998;449,4542236;435,7792969;435,2469177;442,0600586;440,178894;411,250824;433,3425903;430,2628784;425,8164063;418,6626892;399,9136353;399,0083923;741,3078003;776,0639038;807,374939;838,0997925
Sum23;684,6206665;626,6565552;606,296875;593,6759644;585,5935669;582,7468872;585,5151978;590,6386108;580,1445313;576,7661133;568,5570679;572,2011719;567,0512085;566,4769287;566,4207153;558,4154663;556,5352783;551,4204102;544,7858276;548,3674316;540,1047974;539,3104248;533,4212036;527,2029419;523,0823364;510,8084106;512,3667603;507,6377258;478,4192505;474,0620728;482,5062866;458,9519043;434,8037415;457,2596436;446,7969971;429,1124268;432,4667969;437,1758728;437,0984192;409,2589111;428,5539856;427,3262634;411,8447876;416,0018311;391,8014526;395,3709106;723,6279907;749,6449585;780,4967041;805,6364136
Sum24;689,3151855;632,0673218;612,3311768;600,3851929;591,4263306;588,8904419;591,9407959;596,0981445;580,0501709;582,0319824;574,6732788;573,2285156;572,1472778;571,7052612;571,156189;564,137085;561,0004883;555,7340088;547,8522339;552,7470093;543,7720947;543,0775757;536,5794678;529,6981201;526,8938599;513,5582886;515,1999512;510,6628113;481,63797;477,0643005;486,4255676;466,1856079;437,5681458;461,2304993;450,2050171;432,6063232;435,5903931;440,7900391;440,3858948;411,2098083;431,9347534;430,3287354;423,4642639;418,6322327;397,2295837;397,5205688;716,487793;746,303894;774,1618042;817,0548706
Sum25;686,0570679;627,6437988;606,3973389;593,7783203;584,7231445;588,6374512;585,036438;590,4650879;580,4902954;576,1487427;566,9668579;573,0823364;567,0823975;567,5942383;566,9865112;564,8186646;556,5120239;552,1098022;542,0344238;547,8859863;538,7891846;538,8109131;532,8232422;527,7261353;521,7513428;509,7669678;512,0497437;506,9628906;478,1704712;473,6620789;482,5019836;455,0962524;434,4516907;456,9882202;446,1349792;429,535614;431,3630371;436,8759155;436,5358582;408,61026;428,3167419;426,7962036;415,7414551;415,6274719;386,430542;394,8934326;719,9745483;750,8544312;778,2008667;817,4515991
Sum26;682,5405884;621,1525269;598,9989624;586,3647461;579,258606;576,3937988;578,149231;584,02771;573,795166;571,0053711;562,8973999;567,3820801;562,3721313;561,963623;561,5361938;560,7532959;551,8322144;546,6914063;542,2532959;543,0223389;533,8924561;533,7642212;527,8886108;522,0979614;516,6104126;506,5101013;507,4854431;502,6323242;473,9307861;468,8625183;476,7738037;453,8126526;430,8999634;450,6431885;440,4920349;425,3309937;426,8328247;431,6372986;431,3310547;405,7697754;423,3726196;422,0478821;411,6924438;410,9538269;385,2113953;391,997345;723,9856567;755,303833;779,1489868;813,5363159
Sum27;671,4291992;615,2219238;597,2669678;584,147522;575,7294312;579,4751587;575,4368286;581,5493774;571,7640381;566,2244873;565,8327637;564,576416;558,9887085;556,6323853;559,1262817;556,4484863;548,564209;543,6106567;538,4172974;539,2844238;530,1577759;530,0149536;524,3444214;519,5246582;514,0580444;501,629364;504,0780945;499,3579407;474,4454651;468,2432556;475,5769043;454,6136169;430,8141479;452,2852173;442,6307983;423,1246643;428,4159851;431,8783875;432,6605835;406,2172852;423,2614136;423,366394;417,8156128;412,5370178;386,7598572;391,4101257;700,319458;721,3244019;759,522583;794,1749268
Sum28;677,5195313;618,0240479;595,9645996;582,2956543;574,6508179;577,8978271;573,718689;578,6973267;569,9225464;565,7576294;563,6807861;563,6459961;557,9226685;558,144043;557,6505737;556,8469849;547,7399292;542,8832397;537,6812134;538,1898804;529,2574463;529,348938;523,6219482;518,9569702;513,2209473;501,5917053;503,7189941;498,8613281;472,0265503;466,1938477;473,6824646;453,4586792;429,5378723;448,1960754;438,3103333;423,8615723;424,6195679;429,5523071;429,3783264;404,4004211;421,6833191;420,1546326;411,8638;409,2261963;387,1834412;390,2007141;708,6210327;744,6130371;781,036377;816,1000366
Sum29;700,6439209;640,4533081;618,0651245;604,2865601;593,9262085;592,6108398;594,0065308;597,5889282;583,2260742;584,6444092;577,2651367;577,4919434;575,6604614;578,757019;574,9952393;568,7303467;565,3343506;561,0570068;544,8998413;557,0783691;549,0091553;547,9602051;541,7205811;535,1161499;529,182312;518,0065308;520,2954712;514,7489014;482,6956482;477,8043518;489,2733459;459,0907593;437,946991;460,5928955;448,7389526;436,4819031;434,1780701;441,6715698;439,4414368;410,5028381;433,2919312;429,4858398;411,5384216;417,9959106;391,9309998;398,8433533;736,4057007;769,3401489;807,3820801;846,4272461
Sum30;698,5541382;647,2218628;625,3083496;611,5509644;601,4634399;601,8189697;602,1102295;604,2611084;592,3406982;591,2266846;584,8904419;586,1015625;577,2182007;587,5756226;582,892334;576,0328979;572,6497192;568,4991455;544,1517334;564,2508545;556,796875;555,3381958;548,8600464;541,4536133;535,876709;524,3651733;526,4937744;520,8069458;486,4671021;482,348053;494,2088318;458,9829712;441,9778442;465,9877014;453,5753174;442,0067749;439,0335999;447,4944458;444,3002014;413,0824585;437,7709045;433,9986267;417,7394714;422,0206604;388,8070374;402,2770691;741,2507935;785,1594238;825,3118286;866,9040527
Sum31;706,2150879;642,6296387;615,9022217;604,2504883;595,2424316;594,1256104;595,6077271;601,425415;583,9872437;586,9291382;578,1065063;578,574646;571,2230835;578,6311035;575,9306641;570,1928711;566,8041992;561,5384521;552,7436523;557,9031982;549,9286499;548,6772461;542,3726196;535,3231201;530,4317627;520,1870117;520,9289551;515,8487549;482,3388977;478,0214844;489,2326355;464,5569458;437,4227295;459,5908813;447,8146362;435,6165161;433,7397461;440,9718018;438,7584534;410,1763611;431,8053284;428,9703979;419,9862976;417,227417;395,5167236;398,4353638;748,1560059;779,8294067;805,5176392;838,093811
Sum32;706,1323853;641,1447754;615,3990479;600,6333008;590,8688354;589,4807739;590,4536743;594,0165405;580,1904907;581,1439209;572,9868164;574,2572632;572,262085;575,2441406;571,6479492;566,1549072;562,2423706;557,9556274;545,1437378;554,227478;546,2778931;545,2269897;538,987915;534,2662964;528,3289185;516,7144165;519,0303955;513,7675171;481,1388855;476,5532837;487,8117676;460,0004272;436,6246643;458,1382141;445,9435425;435,4205627;431,9934998;439,7054138;437,1908264;408,834198;430,9019165;427,5126953;409,9017944;415,90802;393,5562439;397,2489624;742,3074951;773,4504395;803,8410645;839,5308838
Sum33;682,0967407;623,0109863;603,4179077;590,3990479;582,5580444;579,163269;582,3331299;586,5881348;570,5999146;573,6936646;566,4171753;564,2919312;564,1408691;562,7756348;563,3603516;556,5030518;553,3816528;547,807251;547,6337891;544,8573608;536,1530151;535,7158813;529,7449341;524,2252197;519,9645996;507,5822144;509,7867432;504,956543;476,4016113;471,0691833;479,4695435;466,5534973;433,0688477;454,0519714;443,8910217;426,520874;429,9768066;434,2617493;434,364624;408,1209717;425,7697449;424,6915894;416,1230469;413,8962708;400,204834;393,89151;716,0141602;741,357666;763,7159424;811,8233032
Sum34;703,0256348;640,15802;615,4133301;603,7091064;594,427002;593,4068604;594,4802856;600,4492188;583,5809326;586,6890869;577,9295654;578,3517456;577,0507202;578,9046021;576,0328369;569,3328857;566,151062;561,7017212;553,4160767;557,4958496;548,8518066;547,9370728;541,737915;535,2297974;529,7142334;518,8097534;520,2995605;515,1212158;481,6034546;477,4718018;488,2408142;463,6583557;437,0668945;459,5466309;447,92276;434,930603;433,3782043;440,4637146;438,5883789;410,0426025;432,1296387;428,6552124;420,6956482;417,3796387;395,661438;397,9840088;747,364502;778,3724365;803,1185303;832,9772339
Sum35;701,6104736;640,6140747;616,0635986;603,0081177;593,2359619;591,3390503;593,7032471;597,8093262;582,0608521;584,2265015;576,0188599;575,9656372;574,0482788;576,5518188;573,1685181;567,9021606;563,6166382;559;552,5864258;555,6583252;547,7124023;546,5784912;540,2041626;534,897644;529,9567261;518,4907227;520,6777954;515,5271606;482,6245728;478,1574402;489,6734619;469,5968933;437,6784058;459,9436951;448,0936279;436,0515442;433,9927368;441,3508301;439,0314636;410,3234253;432,1325378;429,2326965;423,9166565;417,4769592;402,4538574;398,6846924;740,7174072;766,487793;791,2420044;839,5272217
Sum36;713,3424072;648,3581543;623,6768188;610,1162109;599,7360229;599,1956787;600,0187378;604,4996948;589,272583;590,899353;582,3771362;583,3984375;575,6914063;584,3243408;580,0773926;575,6314087;570,5210571;565,9310303;554,7085571;562,4526978;555,1604004;553,4059448;547,0271606;540,6878052;536,4380493;524,3431396;525,9643555;520,8094482;485,6299133;481,737854;494,339325;468,8056641;440,3431396;463,6920776;451,2459412;440,348053;436,7006836;445,0983582;442,0049744;411,9953003;436,3210754;431,9815979;424,2244568;420,1816711;401,1376953;401,212677;751,3129883;781,5421143;811,4139404;844,5939941
Sum37;725,7589111;660,875061;631,4499512;617,359375;605,0080566;605,0996704;605,9175415;610,1378174;593,9429932;595,1799316;585,1740112;588,1120605;578,9702148;589,7002563;578,0863647;578,8513184;574,4088135;570,5988159;557,9298706;566,128479;559,1878662;557,5291748;551,1107788;545,7930298;539,5233765;526,5319214;530,0336304;524,4673462;488,0704041;483,3179321;497,2980652;471,4924316;441,9448853;465,1167908;451,1186218;444,3578186;436,2778625;446,519043;442,1015625;411,3888245;437,6485901;432,1846313;426,247406;420,4388733;404,1947632;401,8256226;757,3395996;791,9587402;830,8814087;865,6889648
Sum38;709,8047485;651,3478394;627,3566284;613,5437012;602,8865356;602,0831299;603,5687866;607,3990479;591,8392334;592,739624;584,1797485;585,3632202;577,3111572;586,2885132;576,1495972;576,4412231;572,3753662;568,0723267;552,3244629;564,0971069;556,75;555,1121826;548,5454712;542,1259155;536,7001953;525,0834961;527,2139282;521,7023315;487,0540466;481,7877808;495,4213867;468,7692566;441,3330383;464,692749;451,4476929;442,6325684;437,0570984;446,3887634;442,4851074;412,0230103;437,6235657;432,5263977;426,356781;420,4028931;400,2206116;402,1001282;744,2374878;785,2554321;825,168457;864,3571777
Sum39;694,194519;635,1501465;612,6172485;599,7982178;591,3985596;589,7799072;591,8526001;597,0715942;580,2949829;584,5736084;574,9157104;574,2657471;573,493042;574,3713989;572,1965942;565,9697266;562,2160645;557,6168823;552,8847046;554,4517212;545,7471924;545,1318359;539,0335693;532,3572998;527,6459961;515,7614746;517,5894775;512,5635986;480,6070557;476,6516418;486,3338623;465,9237061;436,665802;459,5660706;448,2555542;433,0509338;434,0575867;440,1080322;438,9328918;410,311676;431,2820129;429,0242004;422,0211792;417,4455566;398,1622009;397,4275818;733,3289185;760,7661133;789,6115112;817,6083984
Sum40;720,7108154;659,5010376;633,6237183;620,5146484;609,0917358;609,1651001;609,9265747;614,0195313;599,4934692;600,2495117;590,9594727;592,8400269;585,3961792;594,8613892;583,5753784;583,5177612;579,2849731;575,0147705;557,4021606;571,1873779;564,0968628;561,93927;555,3423462;548,2687378;543,8652954;531,534668;533,5397339;528,1123657;490,6500549;487,4573059;501,585144;471,0264282;445,1463623;470,3388977;457,0941772;447,3694763;442,0131226;451,8440552;447,4598083;414,6894836;442,3639221;436,9674377;429,3098755;424,726593;401,7674561;405,1429138;761,7275391;792,5753784;822,9279175;866,131897
Sum41;708,7338867;644,8952026;620,7139282;608,3794556;598,4077759;597,9707031;599,0577393;604,8983765;587,8276978;591,2601318;581,3326416;582,4041748;580,7875977;583,5206909;579,7319336;573,010437;569,5892944;565,4570313;555,5240479;561,0407104;552,484436;551,4815674;545,2244263;538,6799927;533,008667;521,6027222;523,4984741;518,1624756;483,5658569;479,805481;491,1858826;466,2996521;438,9491882;462,1777344;450,1420288;437,6632385;435,4438782;443,0230103;440,7643433;411,1491699;434,6830444;430,5940857;423,7980042;419,1802673;398,2549133;399,5129089;751,6005859;784,3567505;804,7949219;837,3909912
Sum42;697,9694214;639,4657593;616,15448;603,1069336;593,8359375;592,8255615;594,5696411;598,8148193;583,9078369;585,3620605;576,9468994;577,2329712;575,5343628;576,6624146;574,503418;568,2069702;564,3163452;559,5513916;549,9453735;556,18396;548,0546265;547,1473999;540,7888184;534,8359985;530,3365479;517,0534058;520,0918579;514,9945068;482,7939148;478,6851501;489,3139954;466,6530151;438,5188293;462,2532654;450,7275696;435,8148499;436,1470642;442,7642822;441,1226501;411,5508423;433,635498;431,0585327;422,8211975;419,2679138;399,3727417;399,0566711;728,2422485;762,2457886;794,9243164;835,1240845
Sum43;680,210144;626,1625366;603,6677246;592,7070923;584,9442749;581,9970703;585,15625;591,1694946;579,5978394;577,0098877;568,3536377;572,112915;566,5949097;564,9008179;566,1555176;564,0844727;555,729126;550,321106;549,2475586;546,7774048;538,0012817;537,6773071;531,9367065;524,8624878;519,9935913;508,7362366;509,8251648;504,9812317;476,374939;471,6904907;479,6331177;460,8753357;433,0942078;454,7661743;444,4719543;426,8688049;430,458252;434,7955627;434,9634705;407,9538269;426,4013977;425,365448;416,7618713;414,2675781;392,3311768;393,9326782;718,3890381;751,4813843;780,7158203;805,3399048
Sum44;711,0172729;655,3825684;629,7327881;614,3392944;602,3717651;601,4797363;602,5222778;606,7908936;589,6588135;590,180542;580,9411621;583,4420776;574,6049805;584,5755005;573,8579712;574,1421509;570,3627319;566,1218262;550,1218262;561,4240723;554,7278442;553,3450317;547,0932617;541,1107178;535,2782593;523,2409668;525,5491943;519,744751;485,2355042;479,7438049;492,5464172;464,1466675;439,5380554;461,5586853;447,5439453;441,5438232;433,7431946;443,2209473;439,0809631;410,0711365;433,9698792;429,7263489;421,7952271;418,1557617;397,118103;400,0821533;747,6281738;785,5447388;835,3982544;865,7186279
Sum45;693,3884277;632,5817871;611,5484009;598,4845581;589,4453735;587,4689331;589,5552979;593,5903931;578,3046265;580,6670532;572,8135986;572,3295898;571,1288452;572,118042;570,4279785;563,4966431;559,9936523;555,2457275;548,3132935;551,7730103;543,1827393;542,2908936;536,2940674;530,715271;526,1379395;513,3151245;516,1010132;511,1433411;479,8576965;475,145874;484,8526306;464,4833679;435,7766113;458,1821289;446,9561462;432,2187195;432,6889343;438,7903137;437,5341797;409,581543;430,3507996;427,6351929;419,4710999;416,5049744;396,8106995;396,8520508;722,12677;751,1790771;789,7075806;830,2011719
Sum46;695,3169556;635,8985596;613,6577759;601,1727295;592,213623;590,5805664;592,538147;596,5722046;581,2036133;583,0036011;575,1422119;574,8931885;573,3543701;574,1832886;572,6014404;565,5825195;562,1700439;557,6478882;549,1233521;554,0515747;545,5271606;544,8723755;538,6731567;532,8603516;527,9155273;514,9871216;517,7926025;512,7317505;481,5526123;477,4844971;487,616394;464,2702026;437,39328;461,1217651;449,6542664;434,0464478;435,0110168;441,233551;440,0263062;410,745575;432,1855469;430,0006104;420,974762;418,3457031;396,2272949;397,9841003;727,9302368;752,1027832;789,4879761;828,8933105
Sum47;705,4431152;648,8040161;627,0267334;612,8701782;602,3573608;601,5102539;602,3883667;605,8412476;591,935791;591,4512329;585,1112671;585,3876343;577,6448364;586,1865234;576,3359375;576,5855713;572,4663696;567,6844482;549,7503662;564,0458984;556,4509888;554,7904663;548,0987549;541,0993652;536,8322144;524,7002563;526,4985962;520,9815063;486,3390808;481,3272705;493,9631348;466,3780518;441,3874207;464,6162109;451,9130249;441,9974976;437,8501282;446,590332;443,1517944;412,7406921;437,462616;433,1042786;425,1768494;421,182373;397,0127563;402,1598206;741,8001099;787,6772461;824,4553223;862,9350586
Sum48;685,4911499;626,4954224;601,6914673;589,0991821;581,5949707;578,5235596;581,1235352;586,8942261;575,6622925;573,4083252;564,78125;569,3391724;564,0032349;563,8469849;563,6288452;562,6314087;553,7474976;548,4768066;548,3565674;544,6990967;535,8289795;535,7095337;529,861084;522,8829346;516,9959106;507,2414246;508,1073608;503,0522461;473,9295349;468,9525452;477,1109009;460,8332825;430,9785156;450,1530151;439,9154053;426,0185852;426,5297546;431,7141113;431,1832581;405,5035095;423,581543;421,8711853;413,302124;410,740448;394,1343384;391,9251709;726,5861816;760,758606;790,2853394;817,9613647
Sum49;676,848999;619,840271;599,9577637;587,1116943;578,7490845;581,8743896;578,7032471;584,0106812;574,0616455;570,3253784;561,5023804;566,961792;561,1005859;560,3000488;560,9760132;559,2981567;550,40802;545,6526489;543,6619263;541,697937;532,4227905;532,6645508;526,9447632;522,1057739;516,9009399;505,0749817;506,7469177;501,7874451;474,3030701;469,3539734;476,90979;461,5415649;431,2707825;452,1762085;442,0262146;425,0177307;428,0336914;432,2770996;432,5504456;406,5852051;424,3862305;423,2831726;413,0267944;412,451355;394,0466309;392,2755432;710,1765747;736,4329834;758,1661987;794,5579834
Sum50;700,5959473;644,4025269;621,7772217;609,0410156;599,296814;598,9312134;599,9266357;603,4758911;589,2753296;590,2012329;582,1749878;582,911438;580,5993652;583,2640381;579,7507324;573,0809937;569,2636108;565,1295166;547,7015991;561,1010742;552,6287231;551,6593628;545,2666626;538,0869141;532,9838257;520,5981445;522,7940674;517,2672119;485,2979736;481,6494751;493,0312195;464,5431213;440,5482788;465,3661194;452,9979248;439,3623047;437,99646;445,6252747;443,3559265;412,3439026;436,4352112;432,941925;424,180481;421,0581665;395,5858154;400,7321777;730,3626099;761,7475586;800,1854248;849,5410767
Sum51;694,0394287;635,4880371;613,8477173;600,6107788;591,0029297;589,2322388;591,3109131;595,333252;580,2768555;582,7764282;574,5593872;574,2977905;572,8978271;574,5080566;572,0901489;565,8253174;561,8491211;557,1188965;550,6700439;553,8883057;545,3704224;544,4916382;538,3021851;532,8361206;527,9083862;516,0952148;518,2798462;513,2157593;481,0084839;476,690094;487,2474976;466,6385193;436,6223145;459,1166687;447,6563721;433,8601685;433,3691101;439,9483337;438,293457;410,0339355;431,4595337;428,4261475;421,3833008;417,1289673;399,6740112;397,7197266;738,8400269;759,5257568;797,1454468;835,0254517
Sum52;695,1748047;633,867981;609,9345703;595,9373169;587,1162109;585,0316772;586,8201294;590,9232178;581,5523682;577,7164307;570,0609131;569,8043213;568,5289917;570,0913086;567,9786987;561,9622803;558,1727905;553,5050049;547,2259521;549,7615356;541,3294067;540,6843262;534,4671021;528,5878906;524,2398071;512,2771606;513,7212524;508,8726807;478,8225708;473,8895264;483,7583618;464,2274475;434,7475586;455,8357544;444,3753052;431,9433289;430,5124207;437,1272583;435,4852295;408,0397034;428,4542847;425,8796692;418,6643066;414,3373413;398,5570679;395,6376038;728,8389282;755,9695435;790,3435669;835,6377563
Sum53;697,7947388;639,039917;617,2316895;605,182373;595,7017212;594,4085693;596,5648193;600,9359131;584,7576904;586,6135254;578,3919678;578,3512573;576,7341309;578,8844604;575,7767334;568,1182861;565,9411621;561,6138916;545,8435059;557,9014282;549,1253662;548,4514771;541,9998779;534,8198242;530,980835;518,3051147;520,1135254;515,4723511;484,5682373;480,7241516;491,38797;462,2145386;439,6035461;464,6971741;452,7037964;437,0829163;437,8734436;444,522583;442,9185181;412,1460876;435,0548706;432,6325989;420,4306946;420,5577087;392,3583679;399,8961792;723,013855;759,3077393;799,2728271;842,8312378
Sum54;670,7562256;617,1097412;601,2840576;588,2251587;580,4237671;585,1671753;579,7095337;582,9447632;577,4616699;568,9439087;571,0498657;570,1538696;564,3504028;563,6795654;564,5338745;561,3296509;554,0487671;549,2905884;532,4226685;545,262085;535,8061523;535,9281616;529,8850708;523,3170776;518,0753174;506,384491;507,7971497;502,8026428;476,2964783;470,8258057;478,8444214;444,8493042;432,8182373;454,7084961;444,4452209;426,9604187;430,3596191;434,9002075;434,7149658;407,8429871;425,9084778;425,5277405;414,5553589;414,4254456;374,5506287;393,7753906;703,7814331;746,4709473;784,8804932;824,4782104
Sum55;696,1663818;638,5288086;616,1460571;603,6256714;594,5252686;592,9080811;594,9398804;598,7744141;583,7762451;585,4150391;577,6328125;577,1923218;575,4544678;576,6461182;574,4851685;567,8023071;564,2252197;559,618103;549,0971069;556,3259888;547,5128174;546,784729;540,3949585;533,5264893;530,0090942;516,84729;518,6552124;513,9188232;482,7723694;478,7923889;489,0270081;465,9005432;438,4526062;462,46875;450,8180847;435,6651611;436,2572632;442,7558594;441,1821899;411,4814453;433,5713806;431,0964966;423,5874634;419,2975464;397,9023438;398,97229;723,5862427;751,6970825;790,1414795;837,1895752
Sum56;733,3121948;663,4394531;634,5258179;621,1843262;610,0065918;610,3490601;610,7145386;614,9163208;598,8207397;601,5563965;590,1376953;592,4911499;584,906189;595,0853271;582,7990112;584,565918;579,1696167;575,703186;561,1869507;571,8973389;565,2652588;563,2182007;556,7183228;549,6437988;544,4822388;531,7522583;534,3704834;529,1322632;490,4525757;486,468811;501,5411072;471,7127075;443,9298401;467,818512;453,8907166;447,0796814;439,0603943;449,5949707;444,8183289;413,1047058;440,8973999;434,6845703;427,6796875;422,5236816;403,4803772;404,2832642;772,9156494;796,0268555;828,3809814;861,3223877
Sum57;708,1546021;645,0210571;618,5925293;604,06427;593,8686523;592,3343506;593,9324341;597,9436035;582,7953491;584,3446045;575,876709;576,5469971;568,5548706;577,2363892;573,2674561;568,4546509;564,3364868;559,697937;553,4974365;556,2120361;548,5812988;547,324585;540,9151001;536,0881348;530,6942139;518,9237671;521,2231445;516,062561;482,6965942;478,000061;489,9062195;470,0940247;437,8459167;459,8945618;447,2782288;437,2868958;433,4500732;441,5401001;438,5861511;409,8252258;432,3977966;428,9369507;423,6119995;417,1417542;402,7242737;398,3360291;738,9569702;760,9378052;806,06604;838,1116943
Sum58;707,1294556;650,272522;625,267334;612,6069336;601,9750366;600,9094238;602,6583252;606,7561646;591,3224487;592,4125977;584,6642456;584,885376;577,0003662;585,6825562;575,7069702;576,0922241;571,9195557;567,1404419;553,638855;563,538269;555,8228149;554,3840332;547,7095337;540,7358398;536,0901489;524,1557007;526,2733765;520,6161499;486,6552124;481,9533081;495,028656;470,2151794;441,2000732;464,7388306;452,0852661;441,7022705;437,6072998;446,3213501;442,9083862;412,605011;437,3745422;432,8831787;428,3013611;420,9526978;401,7640381;401,9786682;741,9606934;772,4390259;808,178833;852,4313354
Sum59;685,9731445;624,046814;602,4796753;588,9263306;580,8336182;578,1784668;580,0641479;584,4937134;575,4468384;571,4589844;564,3694458;568,2336426;563,1134033;562,9517822;562,3986816;555,9696655;552,6835938;547,3377686;541,5744019;543,9945679;535,5411987;535,1196899;529,1748047;524,0795288;519,0981445;507,2953796;509,7098999;504,8379211;475,9977417;470,5730896;479,3861389;457,8839111;432,4894714;452,7720642;442,3431091;427,4519043;428,6626282;433,8086243;433,2285767;407,0004578;425,363678;423,8150635;410,1636047;412,4006653;389,0002747;393,4797974;719,8601685;756,432251;782,9286499;812,706665
Sum60;674,8753662;619,5111084;600,385376;587,543335;578,9525757;582,2362061;578,9604492;584,6645508;574,2850952;570,0228271;561,6470337;567,0822144;561,2680054;559,960144;561,1638184;559,0125732;550,6951294;545,9961548;540,1798096;541,8014526;532,4938354;532,7481689;526,8770752;520,7264404;516,5204468;503,7397461;505,3294373;500,7832947;474,8627625;469,3072205;476,6972351;457,930603;431,6350098;452,896698;442,9588318;424,9024658;428,6195984;432,7946777;433,3382568;406,7877502;424,521759;423,8833618;414,0370178;413,001709;390,4826965;392,3510132;700,9205933;732,4613037;761,0912476;799,8076172
Sum61;733,2052002;661,4783936;632,4768677;618,1895142;607,9973755;608,1477661;608,1507568;613,9282837;597,2758789;600,0435791;588,2866211;590,871521;583,6930542;593,0908813;581,277832;582,2323608;578,1270142;573,8618164;559,2753296;570,0691528;563,616394;561,7409058;554,7658691;548,0639038;543,2724609;530,8515625;533,3422852;528,2485962;490,0371704;485,5742798;500,6071472;470,1533813;443,4981689;467,4189148;453,1928406;446,3249512;439,0012512;449,3505249;444,490509;413,3536377;440,1310425;434,6348572;425,306427;422,3465881;399,8442078;403,9041138;770,8382568;798,3233032;829,8515625;857,0658569
Sum62;684,6975098;624,6096191;604,0409546;590,5705566;582,2940063;579,9653931;582,0307007;587,0042114;577,2397461;574,1362305;565,7319336;570,2928467;564,9268188;564,8364868;564,1741333;563,632019;554,0601196;549,0703735;547,0220337;545,6542358;537,4873047;536,6752319;531,0532227;525,4072876;520,9216309;509,3863831;510,7278442;506,0868225;476,4946289;471,6354065;480,325592;462,1182556;432,8350525;453,8942566;443,3503418;427,7177429;429,3617249;434,5033875;433,9300537;407,4947815;425,7558289;424,3818359;413,8841858;413,3982239;394,8972778;394,079895;720,7634888;746,0704346;778,505188;809,5809326
Sum63;679,0791626;624,3764648;605,5515747;592,6184692;584,4356689;581,0910034;584,5178223;588,5641479;572,3303223;575,3600464;568,1473999;565,6952515;565,4853516;564,0932617;564,742981;557,3492432;554,5384521;549,1737671;543,5795288;546,2402954;537,1103516;536,7758179;530,8376465;523,9284668;520,3676758;507,6750183;509,1127014;504,0639038;477,1432495;471,9542236;480,0732727;461,2228394;433,8794556;455,5295715;445,2818604;427,572876;431,2918701;435,5385742;435,745697;408,7199707;427,4214783;426,1066895;416,3623962;414,9470215;393,9928589;394,4482727;706,4851074;737,5523682;767,8356934;812,6893921
Sum64;718,5036011;653,7004395;628,8203125;615,5855103;604,2608643;603,9063721;605,1190796;609,6070557;593,8201904;595,7710571;586,355957;587,3691406;580,3296509;589,0067749;578,2147827;579,8395386;574,5584717;569,9241943;557,72229;566,7037354;559,7158203;557,8150635;551,1541138;544,3015137;540,4164429;528,0483398;529,78302;524,8387451;487,9890747;484,0915833;497,7069397;471,8677673;442,5070801;466,5343018;453,6289673;443,5482483;439,157196;448,1371155;444,4876099;413,505188;438,9959412;434,3589172;427,4524231;422,2909546;403,2596436;403,1193848;757,4299316;784,7272949;815,0496826;847,102356
Sum65;677,4498291;623,5864258;602,196167;589,5681152;581,5267334;583,9310913;581,5540771;587,173584;576,5907593;572,1989136;564,970459;570,0344849;564,1035767;562,2275391;564,1713257;560,4495239;553,5095215;547,9828491;549,305481;543,1511841;533,3808594;533,7911377;528,0072632;521,3062744;515,7167969;505,186554;506,432312;501,5612183;473,4750671;468,2017822;475,8162537;460,0919189;430,3894348;450,5125732;440,4793396;423,9262085;426,6079102;430,9691162;431,0906067;405,7223206;422,5418091;421,6953125;413,192749;411,0585022;392,9910583;391,5732117;714,0420532;749,7783203;781,1143799;805,9101563
Sum66;707,1738281;648,5106201;623,6976318;610,5544434;600,4651489;599,7905273;601,5714111;605,5423584;590,3751831;592,0744019;582,9854736;583,8339233;575,0717163;585,0160522;580,8373413;573,9009399;570,7403564;566,4610596;550,6669922;562,8532104;554,500061;553,250061;546,6511841;540,1834717;535,8621216;522,5396729;525,2647095;520,2321777;486,2826843;482,6411438;494,378479;465,3356628;441,3917236;466,3039551;453,7879028;440,7748108;438,9371643;446,8554382;444,1893616;412,96698;437,5306396;433,7875366;423,4744263;421,7524109;395,3661194;401,7198792;735,0629272;771,2033081;810,4940796;853,2075195
Sum67;667,5465698;614,5893555;598,0089111;584,2196655;576,7832642;578,8347778;576,1405029;579,8781128;571,5135498;566,9052734;560,2698975;564,4283447;559,005127;557,1141968;558,7736206;557,0092163;548,3287354;543,0509033;536,0458374;539,7052002;530,352356;530,52948;524,7553711;518,4266357;513,6242676;502,2805481;503,4636536;498,8167114;472,6640625;466,7548828;474,0041504;451,8216248;430,1895447;450,1230469;440,3156433;423,1415405;426,8618469;430,5970764;431,0589294;405,8995361;422,1296997;421,8278809;415,5597229;411,1837158;383,8778992;391,4874573;694,8898315;729,7105103;761,2763062;793,1640015
Sum68;703,7349854;639,4143677;613,0698853;598,8937988;588,9232178;587,6690674;588,7689819;593,5933228;583,1349487;580,8095093;571,1156006;576,7781372;570,8247681;573,9403687;570,0458984;565,2120972;560,8600464;556,762207;550,4767456;552,7197876;545,0131836;544,1665649;538,1673584;532,6903076;526,4717407;514,9561157;516,991394;511,7197266;479,4384766;475,0063477;485,4698486;462,0167542;435,3594055;455,9179077;444,0511169;433,5745239;430,1789246;437,6012268;435,5383606;407,7631226;429,2796326;425,8634949;416,9456787;414,550354;396,2793274;395,7127686;741,7901611;772,1868286;804,8243408;834,4987183
Sum69;689,7190552;629,0663452;607,3314209;593,9373779;585,4931641;582,9841309;584,8721924;589,3768921;574,5476074;576,2133179;569,2965088;568,4263306;567,3357544;567,8262329;566,5046997;560,4307861;556,6943359;551,5551147;545,718689;548,2577515;539,9021606;539,0306396;533,1278687;527,7858276;523,2156982;510,905426;513,4537354;508,6939697;478,5718994;473,2908325;482,8660583;462,5119324;434,4257202;455,6418762;444,8208008;430,3066406;430,9006653;436,6508484;435,574646;408,4542236;427,8166504;425,9710388;415,20047;414,6104736;396,1225586;395,5292053;725,4379883;756,6962891;788,2033691;819,2797241
Sum70;683,3400879;630,0491333;609,3751831;595,2390747;586,0756226;583,8269043;586,022644;590,2296753;580,6629028;577,1489868;569,5498657;573,8409424;568,0078735;569,2160645;567,4573364;566,8135986;557,3381958;552,6722412;541,7012329;548,947998;540,3913574;539,8151245;533,7630615;527,6573486;522,2817383;511,1117859;512,7872314;507,6902771;477,9775085;472,3895874;482,3240967;458,0097351;434,2877808;455,3774414;444,3504028;430,7536316;430,3355713;436,5316467;435,2659912;408,0291748;427,7911377;425,6459961;414,5735474;414,3189087;391,0314026;395,394928;720,7807007;760,006958;795,9547119;835,2178345
Sum71;683,9453735;626,4378052;605,3638916;592,8401489;583,9625854;587,3863525;584,2245483;589,4552002;579,2711792;575,1660156;566,5039063;571,9634399;565,7947388;565,6893311;565,539856;563,6858521;554,9869385;550,5767212;545,0759888;546,371582;537,3982544;537,1548462;531,3526611;526,022583;520,6954956;507,7549438;510,502594;505,6267395;477,2199097;472,2179871;480,6722717;461,7750549;433,7100525;455,8019104;445,242981;428,3684387;430,7016907;435,826416;435,6827393;408,1834106;427,3327332;426,0114136;412,7323303;414,8764343;395,6067505;394,316864;712,9006958;738,4807739;765,7955933;808,3577271
Sum72;696,9664917;640,9457397;618,5287476;606,0303345;596,5883179;595,1394043;597,4594727;601,4169922;586,3213501;587,7019653;579,4740601;579,2861938;571,5709229;579,1902466;576,6613159;569,6132813;566,774353;561,8230591;550,2181396;558,545105;550,0321655;548,9816284;542,3705444;535,8115845;532,375061;519,0391846;521,2484131;516,4989624;484,5527954;480,6188354;491,4186401;467,180542;440,0561218;464,6343384;452,7402039;437,6271362;438,1429749;444,833313;443,0868835;412,6555481;435,4796753;432,8370361;424,4244995;420,8235779;397,5641785;400,2388611;730,3030396;764,2091675;802,2736816;842,1743164
Sum73;708,3130493;645,487793;617,5306396;604,8904419;595,8740234;594,7576294;596,0550537;601,1694336;584,5775146;587,5205078;578,010376;579,0360107;577,2625732;579,3566895;576,3015137;570,9196777;567,2042847;562,2525024;552,4002686;558,7330933;550,756897;549,796814;543,4232178;535,6237183;530,1481934;520,0714111;520,7683716;515,602356;481,9710388;477,8343201;488,9772644;463,598999;437,1838074;459,1985168;446,9526672;435,9021606;432,9538269;440,6034546;438,1124573;409,5436401;431,5965881;428,3790588;417,6366272;416,5956116;395,8641357;398,0145569;749,4058838;782,1126709;809,6252441;844,5140991
Sum74;695,0285645;634,0315552;611,8466797;598,5008545;589,0323486;587,6021118;589,2455444;593,649353;578,7739258;580,5033569;572,6290894;572,8496094;571,5125122;572,7479248;570,7332153;564,2614136;560,6397705;555,9094849;546,6914063;552,4851685;544,0458984;543,0162354;536,9438477;531,4039917;526,8405151;514,1101074;516,7835083;511,8917542;480,3148804;475,4446716;485,6013489;461,1518555;435,9955444;458,1815186;446,8440857;432,9449768;432,6425171;439,0361328;437,5168457;409,5906067;430,6661377;427,7191467;415,8490906;416,3927307;395,4091797;397,1333618;730,8806763;764,0570068;795,927124;827,8143311
Sum75;724,2559204;661,5016479;633,6094971;621,7140503;610,6572876;609,8740845;612,140625;618,2644653;599,1538696;602,7241211;592,3861694;593,1542969;585,9019165;594,2995605;584,2521973;584,2327271;580,3405762;575,2830811;564,3328247;571,6478882;564,1633301;562,321228;555,7114258;546,8927002;542,1101074;531,2528687;532,3359375;527,0007324;489,0222473;485,3904724;499,2280884;474,4714966;443,5265198;467,9688721;454,887085;445,1248474;440,3077393;449,5667114;445,6274109;413,9169922;440,4060669;435,3421936;432,6618042;423,2033997;404,627594;403,9003296;767,0415039;798,6030273;828,6851807;846,4476929
Sum76;690,4667358;635,085144;615,1682129;602,0293579;593,3521729;593,932251;593,2860718;595,0927124;585,6936646;581,9871216;577,5283203;579,359314;577,9858398;580,3197632;577,4815063;568,7935181;567,1427002;562,5881348;540,303772;558,6416626;550,2596436;549,3897095;542,9630737;535,7572021;530,5617065;518,8215942;520,6171875;515,192749;482,9324951;478,8446655;489,1753235;452,1263123;438,6908875;462,7215576;450,9769897;437,261261;436,5079956;443,7200928;441,0917358;411,7155151;434,2284851;431,5623169;414,9903259;419,7541199;381,2472534;399,7129822;731,2403564;777,0923462;815,8102417;853,0424194
Sum77;704,951355;645,2608643;623,2207642;610,3432007;600,0894775;600,7584839;599,829834;601,7299194;590,8821411;587,4832153;582,2531738;584,567688;576,2185669;584,9769287;580,7737427;574,8846436;571,5917358;566,9980469;546,1893921;562,7815552;555,1933594;553,6343994;547,1676025;540,9421997;535,4996948;523,7296143;525,6656494;520,1204834;485,5921326;481,0397034;493,3170166;459,0741882;440,0323792;463,1057129;450,0106812;441,4962158;435,8976135;445,0790405;440,8072205;411,2600708;435,4581909;431,4744873;417,0935059;419,4856262;389,3259583;401,0769958;748,7442017;789,9629517;827,0805054;858,5161133
Sum78;697,2524414;641,1053467;616,1104126;604,039917;595,1469116;592,6838379;595,664978;601,5740967;583,3838501;586,4978027;578,7068481;577,838562;576,6466675;576,9290161;575,4511108;568,1044922;566,2080078;560,8046265;561,4158936;557,031189;547,4283447;547,1356201;540,5686035;531,8795776;527,3861694;516,9251709;517,6564331;512,6994019;480,5205078;475,9503479;486,20047;472,0284119;436,1560669;457,8423462;446,6984558;432,7596741;432,7119751;438,9317017;437,5401306;409,6967468;429,9974976;427,7666931;425,9371643;416,2472534;405,1533813;397,0674744;738,5891724;770,8394775;804,5217896;826,9030762
Sum79;690,2938843;636,0671387;615,8226929;603,1315918;593,7438354;594,3380127;593,4085083;594,5592041;586,361145;581,9790039;577,9273682;579,8795166;578,90625;582,1179199;578,5924683;570,0497437;569,1470947;564,1682129;543,0100098;560,6359863;552,404541;551,2127075;544,6967773;537,5136719;532,5336304;521,1003418;522,8062744;517,368042;483,6396484;479,1889343;490,2788696;452,206604;438,9995422;462,0040283;449,9991455;438,4763794;435,4433594;443,2516174;440,5586853;411,5432739;434,4429626;431,1104431;419,3042603;419,4519653;382,7496948;400,2597656;741,6381226;783,6228027;821,302063;861,6447144
Sum80;698,3138428;635,3986206;613,7317505;600,4672852;590,9368896;589,0891724;591,333252;595,7463379;580,2275391;582,8405151;574,6013184;574,0610352;572,8893433;574,0608521;571,5411987;565,8812256;562,1217041;557,026001;552,4898071;553,8943481;545,7489624;544,5790405;538,3048096;532,6277466;528,7202759;516,887207;518,255249;513,2687378;481,2614746;476,899292;487,3634338;468,7644043;436,8439026;459,1940918;447,8136902;433,8878479;433,6775818;440,1244202;438,5545044;410,359436;431,6575012;428,6804199;423,0895996;417,256958;401,168396;397,8267517;735,3217773;758,4882202;793,6340942;831,2496948
Sum81;702,1877441;648,9465942;625,2229004;612,0982666;601,7183838;601,9039307;602,4636841;606,0921631;592,2442627;592,7579346;584,7836304;586,0714111;577,1102295;587,0396118;582,6534424;576,309082;572,052002;567,9997559;547,8007202;563,8674316;555,8529663;554,6077271;548,1799316;541,2122192;535,4321289;523,3129883;525,944458;520,1965332;486,3418579;482,1626587;494,3539734;464,4692383;441,5961914;465,8946838;453,525116;441,4165344;438,3468628;446,7980652;443,8709412;412,7207336;437,8897705;433,4681702;424,4588623;421,6392822;395,5999756;401,7667847;737,335083;772,1314087;817,7923584;854,2686768
Sum82;686,18927;631,7739258;611,402832;598,0366821;589,2538452;586,9174194;589,4567261;593,7459717;578,1453247;580,7319336;572,9345093;571,8364258;570,6660767;571,1621704;569,8042603;563,0066528;559,5169067;554,6248779;545,8815308;551,3657837;542,5698853;542,0304565;535,8911133;529,1774902;525,0617676;512,7495728;514,4769287;509,2321167;479,7090454;474,982605;484,5926514;462,9266968;435,766449;458,2914124;447,125885;431,6748352;432,9777222;438,7557373;437,6825562;409,7221375;430,2980042;428,0775452;419,986969;416,6098328;395,5828857;396,7744751;721,406311;752,7164917;787,3085327;833,3584595
Sum83;731,4365845;662,1174927;634,5780029;621,2060547;610,4393921;610,4769287;611,5821533;616,3308105;598,9520874;602,6224976;590,6879272;592,6676025;585,447937;595,1378174;583,1355591;584,6712646;579,6635132;575,8515015;561,4696045;572,2478638;565,4487915;563,3909912;556,6990356;549,4988403;544,5120239;531,9921875;534,5854492;529,414978;490,5116577;486,4747925;501,6220093;473,8959961;444,1106567;468,2719116;454,3805847;447,210907;439,7316284;450,1592102;445,336792;413,6756897;441,1006775;435,2533264;429,8827515;422,9172668;404,7715454;404,6124268;770,6740112;799,0419922;826,7766724;863,1248169
Sum84;670,2051392;616,9363403;596,1203613;584,8257446;577,3326416;579,8602295;577,3552856;583,2850342;572,4872437;569,2558594;567,0840454;565,4471436;559,9002075;557,4163818;559,9713135;557,7264404;549,2910156;543,7787476;544,1542358;540,0031738;530,928772;531,1929932;525,5806274;518,8949585;513,7324219;502,6515198;503,8019714;498,9949951;472,3304749;466,9246521;473,6873779;456,5098572;429,5829468;449,7316895;440,1722107;422,1007996;426,3469238;429,7405396;430,5343628;405,4220581;421,3024597;421,3809814;410,3987122;410,8563232;387,7688599;390,787323;700,7824097;743,475769;770,6931763;803,3364258
Sum85;690,6759644;631,9186401;610,1013794;596,9882202;588,3666992;586,3348389;588,5038452;593,536438;583,2797241;580,3010864;571,5269165;575,8424072;570,1746826;570,4752197;569,3264771;562,6206665;558,9822388;554,1717529;550,0490723;550,7938232;542,7518921;541,762146;535,9782104;529,8964233;525,5188599;513,4094238;515,0369873;510,2368469;479,2781677;475,1804199;484,4495239;465,0178528;435,5092163;458,036377;446,8744202;431,3933716;432,7661743;438,4200134;437,5487366;409,5181274;429,8558655;427,8051453;419,284729;416,3851624;397,6858521;396,3994446;726,5861206;751,5866699;768,9170532;814,3473511
Sum86;685,6809692;627,7005615;608,5570679;596,4682007;587,5585327;585,0938721;588,0424194;592,9343872;575,7192993;578,4434204;570,748291;569,3568115;568,8660889;567,9389038;567,960022;560,5601807;557,8656616;552,7800293;548,7924194;549,6107178;540,9689941;539,9946289;534,0390625;527,8104858;524,1282959;511,8272705;513,124939;508,5939026;479,9275208;475,5331116;484,1921692;464,8460693;435,7540894;459,1616516;448,4670715;430,0576172;433,9348145;438,5589905;438,5973816;409,9562683;429,7452393;428,6907959;419,4387207;417,1410828;396,4412842;396,0227356;719,0274658;744,921875;763,7550659;809,9248047
Sum87;716,9260254;658,7095947;629,8713989;615,8345947;603,7635498;603,616394;604,531311;608,6759644;592,8320313;593,6798096;584,4941406;586,9238892;577,9189453;588,102478;582,6344604;577,4156494;573,2891846;569,3956299;555,4759521;564,8535767;557,6247559;556,1033325;549,6737671;543,0418091;538,1548462;525,3289795;527,3473511;522,05896;487,418457;482,8063354;496,3060303;470,7582397;441,417572;464,5126648;450,6943359;443,4283142;435,9838867;445,9040222;441,73349;411,2133789;437,0144043;431,8283081;426,2883911;420,0333557;404,0083008;401,4159546;747,3080444;780,9590454;830,9970093;864,8095703
Sum88;709,7632446;643,9269409;617,7477417;603,9264526;593,590271;592,1668091;592,8892212;597,366333;581,9059448;584,1904907;575,328125;576,4786377;574,2839966;577,671936;573,3961792;569,0452271;564,3845215;560,0273438;550,8867798;556,4301758;549,2364502;547,8845825;541,7416992;535,9226074;530,803833;519,1602783;520,5592041;515,4816895;482,041748;477,9104919;489,4394836;464,2303162;437,3587341;458,966217;446,4148865;436,8652954;432,5693054;440,6652832;437,8204956;409,0871887;431,8519287;428,1383362;419,9195557;416,5021667;397,7191162;397,7934875;752,741394;785,6601563;813,963562;842,7874146
Sum89;695,6952515;630,9644775;607,1887817;592,7593384;584,4849854;582,2310181;583,1743774;587,4925537;578,4508057;574,7692261;567,2880249;567,1599731;566,1746826;567,4940796;565,2944336;560,421814;556,0715942;551,1084595;545,0043945;547,6474609;539,918396;538,8917847;532,9146118;527,6482544;522,8031616;511,8259277;512,8148804;507,7644958;477,3194885;472,7221375;482,2239685;459,1306763;433,5910645;453,7730103;442,4903564;430,3924255;429,1512451;435,4356384;433,9290466;407,0120544;427,0529175;424,5606689;413,2414246;413,2112732;393,0812988;394,5175476;732,3451538;766,9418335;795,1291504;822,1038208
Sum90;673,5838623;614,0036621;594,5961304;581,3258667;574,0945435;576,7105103;573,3406372;578,7058105;569,1399536;566,3712769;557,2396851;562,569458;557,4016724;556,2918091;556,9333496;556,3450317;546,831665;541,835144;542,434021;538,4007568;529,2607422;529,4863281;523,8726196;518,3088379;512,7373047;502,0377502;503,5122375;498,7541504;472,0066528;466,3701172;473,4927063;457,7255859;429,0548401;448,4330444;438,8031921;422,0081482;425,0787354;429,0067749;429,4199829;404,6595154;420,8450623;420,1810608;417,0613098;409,5872192;391,0578613;390,3379822;708,5367432;738,5983887;760,8796997;792,4168091
Sum91;685,5585938;630,9196777;608,8467407;597,0801392;588,8673706;585,9154053;589,4703979;594,3972168;583,1668091;580,9893799;572,6578369;575,8720703;570,477478;569,8526611;569,8525391;562,2194214;559,4275513;554,1149292;552,5403442;550,9686279;541,8157959;541,6757813;535,6608276;527,7122803;523,1157837;512,0062256;513,0852051;508,1713257;477,8436584;473,3739319;482,1094971;463,2044678;434,2224426;456,2151794;445,4494324;429,2014465;431,4118652;436,4584656;435,9719849;408,7676392;428,1996765;426,4996643;420,6403198;415,2149048;395,7359314;395,2496643;726,0494995;759,9127197;787,2052612;811,9107666
Sum92;681,2988281;624,8076172;602,958252;589,5415039;580,7259521;583,9156494;580,3982544;585,3765869;575,8863525;572,5140991;563,7475586;569,2484741;563,503479;564,3046875;563,1298828;562,3326416;552,9088135;548,3070679;544,8614502;544,2241211;535,3868408;535,2237549;529,4052124;524,7815552;518,8265381;507,6783752;509,6245117;504,618988;475,8713379;470,7574463;479,600647;460,8682251;432,1789551;452,5133667;441,9685669;427,4600525;427,8755188;433,4490662;432,7806702;406,559967;425,0157471;423,3218994;410,9183655;412,3167725;394,7279053;393,1671143;722,6071167;748,206543;773,4654541;816,7504883
Sum93;687,9108887;629,1694946;608,75354;596,3983154;587,934021;586,1047363;588,0726929;593,3081665;576,736145;579,0395508;571,1719971;570,3222656;569,6259155;569,0581055;568,7549438;562,0213623;558,8410034;553,6870728;548,803833;550,5983887;542,4117432;541,3874512;535,4065552;529,026062;525,1027222;512,7190552;514,2848511;509,5898438;480,0103149;475,7841797;484,6875305;464,5403137;436,0354004;459,3503113;448,4729919;430,7537842;433,9544983;438,9350891;438,7225952;410,1594238;430,1362915;428,7871399;418,2514343;417,2818298;397,3377991;396,4020691;722,901001;757,2616577;786,555603;811,1203613
Sum94;697,8303223;640,4553833;614,5192871;599,7283936;589,9533691;587,6898193;589,4597168;593,6766968;578,0042725;579,2121582;571,9412231;572,2992554;570,135498;572,5129395;569,3908691;564,0262451;560,4039307;555,529541;547,7836914;551,822998;544,1136475;543,1439819;536,821106;530,9067993;526,4193726;514,8552246;515,9960938;510,6137085;480,2409668;475,0453491;485,9162598;465,4264832;435,6167297;456,7720337;444,2592773;434,1901245;430,9441528;438,2106323;435,7911682;408,5279541;429,5943909;426,4222412;420,2054443;415,0855713;398,9764709;396,3874817;732,9174805;771,4754028;806,8384399;839,0233765
Sum95;710,9234619;648,6529541;623,8848877;610,6890869;600,25354;600,0510864;601,1074219;605,4005127;590,5223389;592,25177;582,7645874;584,3453979;576,1776123;585,5859985;581,3702393;575,1724243;571,0064697;566,6809692;552,857605;562,9507446;555,2322388;553,5839233;547,3867798;541,0927734;536,4637451;524,0949097;526,0549927;520,729126;485,8338928;482,5046387;494,5295715;466,7104187;441,0432739;465,1539917;452,750946;440,6023865;437,9500427;446,1519775;443,3626709;412,519043;437,1779175;433,035614;423,5775452;421,1546936;398,8386841;401,4107666;748,2592773;776,0148315;805,1318359;847,1519165
Sum96;682,3624268;625,4749756;605,8503418;593,5375366;585,4759521;582,1660767;585,1282349;589,2214355;573,666687;575,7122192;568,9498901;566,8478394;566,4541016;564,7492676;565,671936;558,5568237;555,3422852;549,7418823;548,3659668;546,9099121;538,2739258;537,5952148;531,6281128;525,8560791;521,8800659;508,8611755;511,1565857;506,2424011;477,8366394;472,8158875;481,2485962;464,6421204;434,7615662;456,3330994;446,1086731;428,0740051;432,0166321;436,2083435;436,5557861;409,3199158;428,1760864;426,8068542;417,8948059;415,6054382;396,9093323;394,8008423;715,1033936;741,9837646;774,3903198;810,1537476
Sum97;700,8666382;637,309082;612,8395996;598,4750366;589,0736694;588,0010376;588,8082275;592,9576416;577,9197998;580,0402832;571,5541382;572,7706299;570,8724976;573,1744385;569,9871826;564,7842407;560,6878052;556,2642212;548,2676392;552,2533569;544,2992554;543,3557129;537,1337891;532,3364258;526,7877197;515,4931641;517,0485229;511,7540283;479,9449158;475,676178;486,163208;462,1329041;435,6664734;456,950592;445,0429077;433,7497253;431,0353394;438,3285522;436,2761841;408,3192749;429,6949768;426,5883179;417,2402649;415,0635071;396,2548828;396,3183899;738,7929077;772,9241333;802,2478638;835,1557617
Sum98;696,2875977;637,0750122;614,2002563;602,2563477;592,9495239;592,3289795;593,8054199;599,4058228;588,8297729;585,5598145;575,3623657;581,579895;575,2120361;578,0097656;574,50354;573,0779419;564,6206665;560,842041;546,050354;555,8226929;547,128479;546,8339844;540,7388916;534,2318115;527,6560059;516,8691406;518,7785645;513,7428589;482,4486084;478,809082;488,8264465;455,8082581;437,8324585;461,995575;450,2852478;434,8114929;435,0629578;441,7578735;440,5366516;410,68573;432,9188538;430,353363;413,0457458;418,8382568;387,1398926;397,9233704;732,923645;764,8266602;791,1997681;820,5062256
Sum99;684,5401001;627,6986084;607,0665894;593,8222046;585,1779175;582,6618042;584,9628296;589,0592041;579,5525513;577,1248779;568,8842773;572,5234985;567,569458;568,5740356;566,6472168;560,5197144;557,1165771;552,1529541;544,2164307;549,2678223;541,2263794;540,5805664;534,6914063;528,5195313;523,7435913;512,218811;514,0981445;509,2823181;478,3063049;473,5785522;482,902771;457,9036255;434,3236084;455,8215332;444,986145;429,8961487;431,0334778;436,5787659;435,658783;408,578949;427,6689148;426,0068359;410,3215332;414,8081055;390,6318665;395,4653625;730,2756348;762,7805786;793,1167603;821,5341797
Sum100;713,4919434;655,2348022;632,3410034;618,3587646;607,3794556;607,2246094;607,6119995;611,3143921;597,163269;596,0775757;589,0996094;590,1140747;582,7199097;591,2954712;581,1469727;581,0664063;577,1972046;572,461731;552,5300293;568,6721802;561,5164795;559,4835815;552,6149902;545,3259888;541,3815308;528,9528198;530,859314;525,3579102;489,0302734;483,8294067;497,835022;468,9506836;443,7127075;467,5713501;454,1869812;445,7952881;440,0106201;449,7373962;445,4357605;414,0689392;440,3538818;435,3426514;427,7908325;423,1869812;399,7001038;404,2512207;749,0172729;794,434082;833,4469604;870,3411255
Sum101;712,9348755;649,2727051;623,7199707;611,0784912;600,9015503;600,5054321;601,7460327;607,7849121;590,444519;594,3065796;583,9349365;584,8396606;576,8564453;586,1348267;581,7645874;575,8544312;571,7647095;567,6655884;558,1097412;563,7032471;555,3067627;554,1221924;547,7269287;540,9351807;535,7023315;523,8417358;526,0281372;520,7161255;485,1298218;481,53125;493,5127563;470,565094;440,299469;464,0042419;451,6867981;439,7388306;437,0250549;445,0195007;442,3635864;412,0262146;436,3311157;432,0361938;426,2993774;420,4086609;403,1515503;400,8505554;753,1426392;780,9021606;800,5288696;822,350769
Sum102;732,3835449;672,4577026;641,1017456;629,7936401;618,4715576;618,9017334;620,2348633;625,9103394;606,7825317;610,3884277;598,0125732;600,7297974;592,5087891;602,6332397;590,8612061;590,1019287;587,0195923;583,1434937;569,6178589;578,5769043;570,6574097;569,1395264;562,434021;551,7758179;545,8121338;534,7158813;536,2948608;530,7255249;491,2407532;487,3851929;502,5617065;475,3790894;444,8964539;468,8707275;455,1272278;448,2575684;439,8547058;450,578125;445,7881775;413,6734924;442,1184387;435,4529724;433,2900085;423,7124329;407,4797363;404,9380188;775,8838501;807,3991089;839,5053101;864,0708008
Sum103;;;;;;;;;;;;;;;;;;;;;;;;;;;;;;;;;;;;;;;;;;;;;;;;;;
Sum104;;;;;;;;;;;;;;;;;;;;;;;;;;;;;;;;;;;;;;;;;;;;;;;;;;
Sum105;;;;;;;;;;;;;;;;;;;;;;;;;;;;;;;;;;;;;;;;;;;;;;;;;;
Sum106;;;;;;;;;;;;;;;;;;;;;;;;;;;;;;;;;;;;;;;;;;;;;;;;;;
Sum107;;;;;;;;;;;;;;;;;;;;;;;;;;;;;;;;;;;;;;;;;;;;;;;;;;
Sum108;;;;;;;;;;;;;;;;;;;;;;;;;;;;;;;;;;;;;;;;;;;;;;;;;;
Sum109;;;;;;;;;;;;;;;;;;;;;;;;;;;;;;;;;;;;;;;;;;;;;;;;;;
Sum110;;;;;;;;;;;;;;;;;;;;;;;;;;;;;;;;;;;;;;;;;;;;;;;;;;
Sum111;;;;;;;;;;;;;;;;;;;;;;;;;;;;;;;;;;;;;;;;;;;;;;;;;;
Sum112;;;;;;;;;;;;;;;;;;;;;;;;;;;;;;;;;;;;;;;;;;;;;;;;;;
Sum113;;;;;;;;;;;;;;;;;;;;;;;;;;;;;;;;;;;;;;;;;;;;;;;;;;
Sum114;;;;;;;;;;;;;;;;;;;;;;;;;;;;;;;;;;;;;;;;;;;;;;;;;;
Sum115;;;;;;;;;;;;;;;;;;;;;;;;;;;;;;;;;;;;;;;;;;;;;;;;;;
Sum116;;;;;;;;;;;;;;;;;;;;;;;;;;;;;;;;;;;;;;;;;;;;;;;;;;
Sum117;;;;;;;;;;;;;;;;;;;;;;;;;;;;;;;;;;;;;;;;;;;;;;;;;;
Sum118;;;;;;;;;;;;;;;;;;;;;;;;;;;;;;;;;;;;;;;;;;;;;;;;;;
Sum119;;;;;;;;;;;;;;;;;;;;;;;;;;;;;;;;;;;;;;;;;;;;;;;;;;
Sum120;;;;;;;;;;;;;;;;;;;;;;;;;;;;;;;;;;;;;;;;;;;;;;;;;;
Sum121;;;;;;;;;;;;;;;;;;;;;;;;;;;;;;;;;;;;;;;;;;;;;;;;;;
Sum122;;;;;;;;;;;;;;;;;;;;;;;;;;;;;;;;;;;;;;;;;;;;;;;;;;
Sum123;;;;;;;;;;;;;;;;;;;;;;;;;;;;;;;;;;;;;;;;;;;;;;;;;;
Sum124;;;;;;;;;;;;;;;;;;;;;;;;;;;;;;;;;;;;;;;;;;;;;;;;;;
Sum125;;;;;;;;;;;;;;;;;;;;;;;;;;;;;;;;;;;;;;;;;;;;;;;;;;
Sum126;;;;;;;;;;;;;;;;;;;;;;;;;;;;;;;;;;;;;;;;;;;;;;;;;;
Sum127;;;;;;;;;;;;;;;;;;;;;;;;;;;;;;;;;;;;;;;;;;;;;;;;;;
Sum128;;;;;;;;;;;;;;;;;;;;;;;;;;;;;;;;;;;;;;;;;;;;;;;;;;
Sum129;;;;;;;;;;;;;;;;;;;;;;;;;;;;;;;;;;;;;;;;;;;;;;;;;;
Sum130;;;;;;;;;;;;;;;;;;;;;;;;;;;;;;;;;;;;;;;;;;;;;;;;;;
Sum131;;;;;;;;;;;;;;;;;;;;;;;;;;;;;;;;;;;;;;;;;;;;;;;;;;
Sum132;;;;;;;;;;;;;;;;;;;;;;;;;;;;;;;;;;;;;;;;;;;;;;;;;;
Sum133;;;;;;;;;;;;;;;;;;;;;;;;;;;;;;;;;;;;;;;;;;;;;;;;;;
Sum134;;;;;;;;;;;;;;;;;;;;;;;;;;;;;;;;;;;;;;;;;;;;;;;;;;
Sum135;;;;;;;;;;;;;;;;;;;;;;;;;;;;;;;;;;;;;;;;;;;;;;;;;;
Sum136;;;;;;;;;;;;;;;;;;;;;;;;;;;;;;;;;;;;;;;;;;;;;;;;;;
Sum137;;;;;;;;;;;;;;;;;;;;;;;;;;;;;;;;;;;;;;;;;;;;;;;;;;
Sum138;;;;;;;;;;;;;;;;;;;;;;;;;;;;;;;;;;;;;;;;;;;;;;;;;;
Sum139;;;;;;;;;;;;;;;;;;;;;;;;;;;;;;;;;;;;;;;;;;;;;;;;;;
Sum140;;;;;;;;;;;;;;;;;;;;;;;;;;;;;;;;;;;;;;;;;;;;;;;;;;
Sum141;;;;;;;;;;;;;;;;;;;;;;;;;;;;;;;;;;;;;;;;;;;;;;;;;;
Sum142;;;;;;;;;;;;;;;;;;;;;;;;;;;;;;;;;;;;;;;;;;;;;;;;;;
Sum143;;;;;;;;;;;;;;;;;;;;;;;;;;;;;;;;;;;;;;;;;;;;;;;;;;
Sum144;;;;;;;;;;;;;;;;;;;;;;;;;;;;;;;;;;;;;;;;;;;;;;;;;;
Sum145;;;;;;;;;;;;;;;;;;;;;;;;;;;;;;;;;;;;;;;;;;;;;;;;;;
Sum146;;;;;;;;;;;;;;;;;;;;;;;;;;;;;;;;;;;;;;;;;;;;;;;;;;
Sum147;;;;;;;;;;;;;;;;;;;;;;;;;;;;;;;;;;;;;;;;;;;;;;;;;;
Sum148;;;;;;;;;;;;;;;;;;;;;;;;;;;;;;;;;;;;;;;;;;;;;;;;;;
Sum149;;;;;;;;;;;;;;;;;;;;;;;;;;;;;;;;;;;;;;;;;;;;;;;;;;
Sum150;;;;;;;;;;;;;;;;;;;;;;;;;;;;;;;;;;;;;;;;;;;;;;;;;;
Sum151;;;;;;;;;;;;;;;;;;;;;;;;;;;;;;;;;;;;;;;;;;;;;;;;;;
Sum152;;;;;;;;;;;;;;;;;;;;;;;;;;;;;;;;;;;;;;;;;;;;;;;;;;
Sum153;;;;;;;;;;;;;;;;;;;;;;;;;;;;;;;;;;;;;;;;;;;;;;;;;;
Sum154;;;;;;;;;;;;;;;;;;;;;;;;;;;;;;;;;;;;;;;;;;;;;;;;;;
Sum155;;;;;;;;;;;;;;;;;;;;;;;;;;;;;;;;;;;;;;;;;;;;;;;;;;
Sum156;;;;;;;;;;;;;;;;;;;;;;;;;;;;;;;;;;;;;;;;;;;;;;;;;;
Sum157;;;;;;;;;;;;;;;;;;;;;;;;;;;;;;;;;;;;;;;;;;;;;;;;;;
Sum158;;;;;;;;;;;;;;;;;;;;;;;;;;;;;;;;;;;;;;;;;;;;;;;;;;
Sum159;;;;;;;;;;;;;;;;;;;;;;;;;;;;;;;;;;;;;;;;;;;;;;;;;;
Sum160;;;;;;;;;;;;;;;;;;;;;;;;;;;;;;;;;;;;;;;;;;;;;;;;;;
Sum161;;;;;;;;;;;;;;;;;;;;;;;;;;;;;;;;;;;;;;;;;;;;;;;;;;
Sum162;;;;;;;;;;;;;;;;;;;;;;;;;;;;;;;;;;;;;;;;;;;;;;;;;;
Sum163;;;;;;;;;;;;;;;;;;;;;;;;;;;;;;;;;;;;;;;;;;;;;;;;;;
Sum164;;;;;;;;;;;;;;;;;;;;;;;;;;;;;;;;;;;;;;;;;;;;;;;;;;
Sum165;;;;;;;;;;;;;;;;;;;;;;;;;;;;;;;;;;;;;;;;;;;;;;;;;;
Sum166;;;;;;;;;;;;;;;;;;;;;;;;;;;;;;;;;;;;;;;;;;;;;;;;;;
Sum167;;;;;;;;;;;;;;;;;;;;;;;;;;;;;;;;;;;;;;;;;;;;;;;;;;
Sum168;;;;;;;;;;;;;;;;;;;;;;;;;;;;;;;;;;;;;;;;;;;;;;;;;;
Sum169;;;;;;;;;;;;;;;;;;;;;;;;;;;;;;;;;;;;;;;;;;;;;;;;;;
Sum170;;;;;;;;;;;;;;;;;;;;;;;;;;;;;;;;;;;;;;;;;;;;;;;;;;
Sum171;;;;;;;;;;;;;;;;;;;;;;;;;;;;;;;;;;;;;;;;;;;;;;;;;;
Sum172;;;;;;;;;;;;;;;;;;;;;;;;;;;;;;;;;;;;;;;;;;;;;;;;;;
Sum173;;;;;;;;;;;;;;;;;;;;;;;;;;;;;;;;;;;;;;;;;;;;;;;;;;
Sum174;;;;;;;;;;;;;;;;;;;;;;;;;;;;;;;;;;;;;;;;;;;;;;;;;;
Sum175;;;;;;;;;;;;;;;;;;;;;;;;;;;;;;;;;;;;;;;;;;;;;;;;;;
Sum176;;;;;;;;;;;;;;;;;;;;;;;;;;;;;;;;;;;;;;;;;;;;;;;;;;
Sum177;;;;;;;;;;;;;;;;;;;;;;;;;;;;;;;;;;;;;;;;;;;;;;;;;;
Sum178;;;;;;;;;;;;;;;;;;;;;;;;;;;;;;;;;;;;;;;;;;;;;;;;;;
Sum179;;;;;;;;;;;;;;;;;;;;;;;;;;;;;;;;;;;;;;;;;;;;;;;;;;
Sum180;;;;;;;;;;;;;;;;;;;;;;;;;;;;;;;;;;;;;;;;;;;;;;;;;;
Sum181;;;;;;;;;;;;;;;;;;;;;;;;;;;;;;;;;;;;;;;;;;;;;;;;;;
Sum182;;;;;;;;;;;;;;;;;;;;;;;;;;;;;;;;;;;;;;;;;;;;;;;;;;
Sum183;;;;;;;;;;;;;;;;;;;;;;;;;;;;;;;;;;;;;;;;;;;;;;;;;;
Sum184;;;;;;;;;;;;;;;;;;;;;;;;;;;;;;;;;;;;;;;;;;;;;;;;;;
Sum185;;;;;;;;;;;;;;;;;;;;;;;;;;;;;;;;;;;;;;;;;;;;;;;;;;
Sum186;;;;;;;;;;;;;;;;;;;;;;;;;;;;;;;;;;;;;;;;;;;;;;;;;;
Sum187;;;;;;;;;;;;;;;;;;;;;;;;;;;;;;;;;;;;;;;;;;;;;;;;;;
Sum188;;;;;;;;;;;;;;;;;;;;;;;;;;;;;;;;;;;;;;;;;;;;;;;;;;
Sum189;;;;;;;;;;;;;;;;;;;;;;;;;;;;;;;;;;;;;;;;;;;;;;;;;;
Sum190;;;;;;;;;;;;;;;;;;;;;;;;;;;;;;;;;;;;;;;;;;;;;;;;;;
Sum191;;;;;;;;;;;;;;;;;;;;;;;;;;;;;;;;;;;;;;;;;;;;;;;;;;
Sum192;;;;;;;;;;;;;;;;;;;;;;;;;;;;;;;;;;;;;;;;;;;;;;;;;;
Sum193;;;;;;;;;;;;;;;;;;;;;;;;;;;;;;;;;;;;;;;;;;;;;;;;;;
Sum194;;;;;;;;;;;;;;;;;;;;;;;;;;;;;;;;;;;;;;;;;;;;;;;;;;
Sum195;;;;;;;;;;;;;;;;;;;;;;;;;;;;;;;;;;;;;;;;;;;;;;;;;;
Sum196;;;;;;;;;;;;;;;;;;;;;;;;;;;;;;;;;;;;;;;;;;;;;;;;;;
Sum197;;;;;;;;;;;;;;;;;;;;;;;;;;;;;;;;;;;;;;;;;;;;;;;;;;
Sum198;;;;;;;;;;;;;;;;;;;;;;;;;;;;;;;;;;;;;;;;;;;;;;;;;;
Sum199;;;;;;;;;;;;;;;;;;;;;;;;;;;;;;;;;;;;;;;;;;;;;;;;;;
Sum200;;;;;;;;;;;;;;;;;;;;;;;;;;;;;;;;;;;;;;;;;;;;;;;;;;
Sum201;;;;;;;;;;;;;;;;;;;;;;;;;;;;;;;;;;;;;;;;;;;;;;;;;;
Sum202;;;;;;;;;;;;;;;;;;;;;;;;;;;;;;;;;;;;;;;;;;;;;;;;;;
Sum203;;;;;;;;;;;;;;;;;;;;;;;;;;;;;;;;;;;;;;;;;;;;;;;;;;
Sum204;;;;;;;;;;;;;;;;;;;;;;;;;;;;;;;;;;;;;;;;;;;;;;;;;;
Sum205;;;;;;;;;;;;;;;;;;;;;;;;;;;;;;;;;;;;;;;;;;;;;;;;;;
Sum206;;;;;;;;;;;;;;;;;;;;;;;;;;;;;;;;;;;;;;;;;;;;;;;;;;
Sum207;;;;;;;;;;;;;;;;;;;;;;;;;;;;;;;;;;;;;;;;;;;;;;;;;;
Sum208;;;;;;;;;;;;;;;;;;;;;;;;;;;;;;;;;;;;;;;;;;;;;;;;;;
Sum209;;;;;;;;;;;;;;;;;;;;;;;;;;;;;;;;;;;;;;;;;;;;;;;;;;
Sum210;;;;;;;;;;;;;;;;;;;;;;;;;;;;;;;;;;;;;;;;;;;;;;;;;;
Sum211;;;;;;;;;;;;;;;;;;;;;;;;;;;;;;;;;;;;;;;;;;;;;;;;;;
Sum212;;;;;;;;;;;;;;;;;;;;;;;;;;;;;;;;;;;;;;;;;;;;;;;;;;
Sum213;;;;;;;;;;;;;;;;;;;;;;;;;;;;;;;;;;;;;;;;;;;;;;;;;;
Sum214;;;;;;;;;;;;;;;;;;;;;;;;;;;;;;;;;;;;;;;;;;;;;;;;;;
Sum215;;;;;;;;;;;;;;;;;;;;;;;;;;;;;;;;;;;;;;;;;;;;;;;;;;
Sum216;;;;;;;;;;;;;;;;;;;;;;;;;;;;;;;;;;;;;;;;;;;;;;;;;;
Sum217;;;;;;;;;;;;;;;;;;;;;;;;;;;;;;;;;;;;;;;;;;;;;;;;;;
Sum218;;;;;;;;;;;;;;;;;;;;;;;;;;;;;;;;;;;;;;;;;;;;;;;;;;
Sum219;;;;;;;;;;;;;;;;;;;;;;;;;;;;;;;;;;;;;;;;;;;;;;;;;;
Sum220;;;;;;;;;;;;;;;;;;;;;;;;;;;;;;;;;;;;;;;;;;;;;;;;;;
Sum221;;;;;;;;;;;;;;;;;;;;;;;;;;;;;;;;;;;;;;;;;;;;;;;;;;
Sum222;;;;;;;;;;;;;;;;;;;;;;;;;;;;;;;;;;;;;;;;;;;;;;;;;;
Sum223;;;;;;;;;;;;;;;;;;;;;;;;;;;;;;;;;;;;;;;;;;;;;;;;;;
Sum224;;;;;;;;;;;;;;;;;;;;;;;;;;;;;;;;;;;;;;;;;;;;;;;;;;
Sum225;;;;;;;;;;;;;;;;;;;;;;;;;;;;;;;;;;;;;;;;;;;;;;;;;;
Sum226;;;;;;;;;;;;;;;;;;;;;;;;;;;;;;;;;;;;;;;;;;;;;;;;;;
Sum227;;;;;;;;;;;;;;;;;;;;;;;;;;;;;;;;;;;;;;;;;;;;;;;;;;
Sum228;;;;;;;;;;;;;;;;;;;;;;;;;;;;;;;;;;;;;;;;;;;;;;;;;;
Sum229;;;;;;;;;;;;;;;;;;;;;;;;;;;;;;;;;;;;;;;;;;;;;;;;;;
Sum230;;;;;;;;;;;;;;;;;;;;;;;;;;;;;;;;;;;;;;;;;;;;;;;;;;
Sum231;;;;;;;;;;;;;;;;;;;;;;;;;;;;;;;;;;;;;;;;;;;;;;;;;;
Sum232;;;;;;;;;;;;;;;;;;;;;;;;;;;;;;;;;;;;;;;;;;;;;;;;;;
Sum233;;;;;;;;;;;;;;;;;;;;;;;;;;;;;;;;;;;;;;;;;;;;;;;;;;
Sum234;;;;;;;;;;;;;;;;;;;;;;;;;;;;;;;;;;;;;;;;;;;;;;;;;;
Sum235;;;;;;;;;;;;;;;;;;;;;;;;;;;;;;;;;;;;;;;;;;;;;;;;;;
Sum236;;;;;;;;;;;;;;;;;;;;;;;;;;;;;;;;;;;;;;;;;;;;;;;;;;
Sum237;;;;;;;;;;;;;;;;;;;;;;;;;;;;;;;;;;;;;;;;;;;;;;;;;;
Sum238;;;;;;;;;;;;;;;;;;;;;;;;;;;;;;;;;;;;;;;;;;;;;;;;;;
Sum239;;;;;;;;;;;;;;;;;;;;;;;;;;;;;;;;;;;;;;;;;;;;;;;;;;
Sum240;;;;;;;;;;;;;;;;;;;;;;;;;;;;;;;;;;;;;;;;;;;;;;;;;;
Sum241;;;;;;;;;;;;;;;;;;;;;;;;;;;;;;;;;;;;;;;;;;;;;;;;;;
Sum242;;;;;;;;;;;;;;;;;;;;;;;;;;;;;;;;;;;;;;;;;;;;;;;;;;
Sum243;;;;;;;;;;;;;;;;;;;;;;;;;;;;;;;;;;;;;;;;;;;;;;;;;;
Sum244;;;;;;;;;;;;;;;;;;;;;;;;;;;;;;;;;;;;;;;;;;;;;;;;;;
Sum245;;;;;;;;;;;;;;;;;;;;;;;;;;;;;;;;;;;;;;;;;;;;;;;;;;
Sum246;;;;;;;;;;;;;;;;;;;;;;;;;;;;;;;;;;;;;;;;;;;;;;;;;;
Sum247;;;;;;;;;;;;;;;;;;;;;;;;;;;;;;;;;;;;;;;;;;;;;;;;;;
Sum248;;;;;;;;;;;;;;;;;;;;;;;;;;;;;;;;;;;;;;;;;;;;;;;;;;
Sum249;;;;;;;;;;;;;;;;;;;;;;;;;;;;;;;;;;;;;;;;;;;;;;;;;;
Sum250;;;;;;;;;;;;;;;;;;;;;;;;;;;;;;;;;;;;;;;;;;;;;;;;;;
Sum251;;;;;;;;;;;;;;;;;;;;;;;;;;;;;;;;;;;;;;;;;;;;;;;;;;
Sum252;;;;;;;;;;;;;;;;;;;;;;;;;;;;;;;;;;;;;;;;;;;;;;;;;;
Sum253;;;;;;;;;;;;;;;;;;;;;;;;;;;;;;;;;;;;;;;;;;;;;;;;;;
Sum254;;;;;;;;;;;;;;;;;;;;;;;;;;;;;;;;;;;;;;;;;;;;;;;;;;
Sum255;;;;;;;;;;;;;;;;;;;;;;;;;;;;;;;;;;;;;;;;;;;;;;;;;;
Sum256;;;;;;;;;;;;;;;;;;;;;;;;;;;;;;;;;;;;;;;;;;;;;;;;;;
Sum257;;;;;;;;;;;;;;;;;;;;;;;;;;;;;;;;;;;;;;;;;;;;;;;;;;
Sum258;;;;;;;;;;;;;;;;;;;;;;;;;;;;;;;;;;;;;;;;;;;;;;;;;;
Sum259;;;;;;;;;;;;;;;;;;;;;;;;;;;;;;;;;;;;;;;;;;;;;;;;;;
Sum260;;;;;;;;;;;;;;;;;;;;;;;;;;;;;;;;;;;;;;;;;;;;;;;;;;
Sum261;;;;;;;;;;;;;;;;;;;;;;;;;;;;;;;;;;;;;;;;;;;;;;;;;;
Sum262;;;;;;;;;;;;;;;;;;;;;;;;;;;;;;;;;;;;;;;;;;;;;;;;;;
Sum263;;;;;;;;;;;;;;;;;;;;;;;;;;;;;;;;;;;;;;;;;;;;;;;;;;
Sum264;;;;;;;;;;;;;;;;;;;;;;;;;;;;;;;;;;;;;;;;;;;;;;;;;;
Sum265;;;;;;;;;;;;;;;;;;;;;;;;;;;;;;;;;;;;;;;;;;;;;;;;;;
Sum266;;;;;;;;;;;;;;;;;;;;;;;;;;;;;;;;;;;;;;;;;;;;;;;;;;
Sum267;;;;;;;;;;;;;;;;;;;;;;;;;;;;;;;;;;;;;;;;;;;;;;;;;;
Sum268;;;;;;;;;;;;;;;;;;;;;;;;;;;;;;;;;;;;;;;;;;;;;;;;;;
Sum269;;;;;;;;;;;;;;;;;;;;;;;;;;;;;;;;;;;;;;;;;;;;;;;;;;
Sum270;;;;;;;;;;;;;;;;;;;;;;;;;;;;;;;;;;;;;;;;;;;;;;;;;;
Sum271;;;;;;;;;;;;;;;;;;;;;;;;;;;;;;;;;;;;;;;;;;;;;;;;;;
Sum272;;;;;;;;;;;;;;;;;;;;;;;;;;;;;;;;;;;;;;;;;;;;;;;;;;
Sum273;;;;;;;;;;;;;;;;;;;;;;;;;;;;;;;;;;;;;;;;;;;;;;;;;;
Sum274;;;;;;;;;;;;;;;;;;;;;;;;;;;;;;;;;;;;;;;;;;;;;;;;;;
Sum275;;;;;;;;;;;;;;;;;;;;;;;;;;;;;;;;;;;;;;;;;;;;;;;;;;
Sum276;;;;;;;;;;;;;;;;;;;;;;;;;;;;;;;;;;;;;;;;;;;;;;;;;;
Sum277;;;;;;;;;;;;;;;;;;;;;;;;;;;;;;;;;;;;;;;;;;;;;;;;;;
Sum278;;;;;;;;;;;;;;;;;;;;;;;;;;;;;;;;;;;;;;;;;;;;;;;;;;
Sum279;;;;;;;;;;;;;;;;;;;;;;;;;;;;;;;;;;;;;;;;;;;;;;;;;;
Sum280;;;;;;;;;;;;;;;;;;;;;;;;;;;;;;;;;;;;;;;;;;;;;;;;;;
Sum281;;;;;;;;;;;;;;;;;;;;;;;;;;;;;;;;;;;;;;;;;;;;;;;;;;
Sum282;;;;;;;;;;;;;;;;;;;;;;;;;;;;;;;;;;;;;;;;;;;;;;;;;;
Sum283;;;;;;;;;;;;;;;;;;;;;;;;;;;;;;;;;;;;;;;;;;;;;;;;;;
Sum284;;;;;;;;;;;;;;;;;;;;;;;;;;;;;;;;;;;;;;;;;;;;;;;;;;
Sum285;;;;;;;;;;;;;;;;;;;;;;;;;;;;;;;;;;;;;;;;;;;;;;;;;;
Sum286;;;;;;;;;;;;;;;;;;;;;;;;;;;;;;;;;;;;;;;;;;;;;;;;;;
Sum287;;;;;;;;;;;;;;;;;;;;;;;;;;;;;;;;;;;;;;;;;;;;;;;;;;
Sum288;;;;;;;;;;;;;;;;;;;;;;;;;;;;;;;;;;;;;;;;;;;;;;;;;;
Sum289;;;;;;;;;;;;;;;;;;;;;;;;;;;;;;;;;;;;;;;;;;;;;;;;;;
Sum290;;;;;;;;;;;;;;;;;;;;;;;;;;;;;;;;;;;;;;;;;;;;;;;;;;
Sum291;;;;;;;;;;;;;;;;;;;;;;;;;;;;;;;;;;;;;;;;;;;;;;;;;;
Sum292;;;;;;;;;;;;;;;;;;;;;;;;;;;;;;;;;;;;;;;;;;;;;;;;;;
Sum293;;;;;;;;;;;;;;;;;;;;;;;;;;;;;;;;;;;;;;;;;;;;;;;;;;
Sum294;;;;;;;;;;;;;;;;;;;;;;;;;;;;;;;;;;;;;;;;;;;;;;;;;;
Sum295;;;;;;;;;;;;;;;;;;;;;;;;;;;;;;;;;;;;;;;;;;;;;;;;;;
Sum296;;;;;;;;;;;;;;;;;;;;;;;;;;;;;;;;;;;;;;;;;;;;;;;;;;
Sum297;;;;;;;;;;;;;;;;;;;;;;;;;;;;;;;;;;;;;;;;;;;;;;;;;;
Sum298;;;;;;;;;;;;;;;;;;;;;;;;;;;;;;;;;;;;;;;;;;;;;;;;;;
Sum299;;;;;;;;;;;;;;;;;;;;;;;;;;;;;;;;;;;;;;;;;;;;;;;;;;
Sum300;;;;;;;;;;;;;;;;;;;;;;;;;;;;;;;;;;;;;;;;;;;;;;;;;;
Sum301;;;;;;;;;;;;;;;;;;;;;;;;;;;;;;;;;;;;;;;;;;;;;;;;;;
Sum302;;;;;;;;;;;;;;;;;;;;;;;;;;;;;;;;;;;;;;;;;;;;;;;;;;
Sum303;;;;;;;;;;;;;;;;;;;;;;;;;;;;;;;;;;;;;;;;;;;;;;;;;;
Sum304;;;;;;;;;;;;;;;;;;;;;;;;;;;;;;;;;;;;;;;;;;;;;;;;;;
Sum305;;;;;;;;;;;;;;;;;;;;;;;;;;;;;;;;;;;;;;;;;;;;;;;;;;
Sum306;;;;;;;;;;;;;;;;;;;;;;;;;;;;;;;;;;;;;;;;;;;;;;;;;;
Sum307;;;;;;;;;;;;;;;;;;;;;;;;;;;;;;;;;;;;;;;;;;;;;;;;;;
Sum308;;;;;;;;;;;;;;;;;;;;;;;;;;;;;;;;;;;;;;;;;;;;;;;;;;
Sum309;;;;;;;;;;;;;;;;;;;;;;;;;;;;;;;;;;;;;;;;;;;;;;;;;;
Sum310;;;;;;;;;;;;;;;;;;;;;;;;;;;;;;;;;;;;;;;;;;;;;;;;;;
Sum311;;;;;;;;;;;;;;;;;;;;;;;;;;;;;;;;;;;;;;;;;;;;;;;;;;
Sum312;;;;;;;;;;;;;;;;;;;;;;;;;;;;;;;;;;;;;;;;;;;;;;;;;;
Sum313;;;;;;;;;;;;;;;;;;;;;;;;;;;;;;;;;;;;;;;;;;;;;;;;;;
Sum314;;;;;;;;;;;;;;;;;;;;;;;;;;;;;;;;;;;;;;;;;;;;;;;;;;
Sum315;;;;;;;;;;;;;;;;;;;;;;;;;;;;;;;;;;;;;;;;;;;;;;;;;;
Sum316;;;;;;;;;;;;;;;;;;;;;;;;;;;;;;;;;;;;;;;;;;;;;;;;;;
Sum317;;;;;;;;;;;;;;;;;;;;;;;;;;;;;;;;;;;;;;;;;;;;;;;;;;
Sum318;;;;;;;;;;;;;;;;;;;;;;;;;;;;;;;;;;;;;;;;;;;;;;;;;;
Sum319;;;;;;;;;;;;;;;;;;;;;;;;;;;;;;;;;;;;;;;;;;;;;;;;;;
Sum320;;;;;;;;;;;;;;;;;;;;;;;;;;;;;;;;;;;;;;;;;;;;;;;;;;
Sum321;;;;;;;;;;;;;;;;;;;;;;;;;;;;;;;;;;;;;;;;;;;;;;;;;;
Sum322;;;;;;;;;;;;;;;;;;;;;;;;;;;;;;;;;;;;;;;;;;;;;;;;;;
Sum323;;;;;;;;;;;;;;;;;;;;;;;;;;;;;;;;;;;;;;;;;;;;;;;;;;
Sum324;;;;;;;;;;;;;;;;;;;;;;;;;;;;;;;;;;;;;;;;;;;;;;;;;;
Sum325;;;;;;;;;;;;;;;;;;;;;;;;;;;;;;;;;;;;;;;;;;;;;;;;;;
Sum326;;;;;;;;;;;;;;;;;;;;;;;;;;;;;;;;;;;;;;;;;;;;;;;;;;
Sum327;;;;;;;;;;;;;;;;;;;;;;;;;;;;;;;;;;;;;;;;;;;;;;;;;;
Sum328;;;;;;;;;;;;;;;;;;;;;;;;;;;;;;;;;;;;;;;;;;;;;;;;;;
Sum329;;;;;;;;;;;;;;;;;;;;;;;;;;;;;;;;;;;;;;;;;;;;;;;;;;
Sum330;;;;;;;;;;;;;;;;;;;;;;;;;;;;;;;;;;;;;;;;;;;;;;;;;;
Sum331;;;;;;;;;;;;;;;;;;;;;;;;;;;;;;;;;;;;;;;;;;;;;;;;;;
Sum332;;;;;;;;;;;;;;;;;;;;;;;;;;;;;;;;;;;;;;;;;;;;;;;;;;
Sum333;;;;;;;;;;;;;;;;;;;;;;;;;;;;;;;;;;;;;;;;;;;;;;;;;;
Sum334;;;;;;;;;;;;;;;;;;;;;;;;;;;;;;;;;;;;;;;;;;;;;;;;;;
Sum335;;;;;;;;;;;;;;;;;;;;;;;;;;;;;;;;;;;;;;;;;;;;;;;;;;
Sum336;;;;;;;;;;;;;;;;;;;;;;;;;;;;;;;;;;;;;;;;;;;;;;;;;;
Sum337;;;;;;;;;;;;;;;;;;;;;;;;;;;;;;;;;;;;;;;;;;;;;;;;;;
Sum338;;;;;;;;;;;;;;;;;;;;;;;;;;;;;;;;;;;;;;;;;;;;;;;;;;
Sum339;;;;;;;;;;;;;;;;;;;;;;;;;;;;;;;;;;;;;;;;;;;;;;;;;;
Sum340;;;;;;;;;;;;;;;;;;;;;;;;;;;;;;;;;;;;;;;;;;;;;;;;;;
Sum341;;;;;;;;;;;;;;;;;;;;;;;;;;;;;;;;;;;;;;;;;;;;;;;;;;
Sum342;;;;;;;;;;;;;;;;;;;;;;;;;;;;;;;;;;;;;;;;;;;;;;;;;;
Sum343;;;;;;;;;;;;;;;;;;;;;;;;;;;;;;;;;;;;;;;;;;;;;;;;;;
Sum344;;;;;;;;;;;;;;;;;;;;;;;;;;;;;;;;;;;;;;;;;;;;;;;;;;
Sum345;;;;;;;;;;;;;;;;;;;;;;;;;;;;;;;;;;;;;;;;;;;;;;;;;;
Sum346;;;;;;;;;;;;;;;;;;;;;;;;;;;;;;;;;;;;;;;;;;;;;;;;;;
Sum347;;;;;;;;;;;;;;;;;;;;;;;;;;;;;;;;;;;;;;;;;;;;;;;;;;
Sum348;;;;;;;;;;;;;;;;;;;;;;;;;;;;;;;;;;;;;;;;;;;;;;;;;;
Sum349;;;;;;;;;;;;;;;;;;;;;;;;;;;;;;;;;;;;;;;;;;;;;;;;;;
Sum350;;;;;;;;;;;;;;;;;;;;;;;;;;;;;;;;;;;;;;;;;;;;;;;;;;
Sum351;;;;;;;;;;;;;;;;;;;;;;;;;;;;;;;;;;;;;;;;;;;;;;;;;;
